{
 "actions": [],
 "allow_rename": 1,
 "creation": "2025-08-01 10:26:33.466933",
 "doctype": "DocType",
 "editable_grid": 1,
 "engine": "InnoDB",
 "field_order": [
  "document_name",
  "document_number",
  "document",
  "date_of_issue",
  "column_break_jkvq",
  "valid_upto",
  "place_of_issue"
 ],
 "fields": [
  {
   "fieldname": "document_name",
   "fieldtype": "Data",
   "in_list_view": 1,
   "label": "Document Name",
   "reqd": 1
  },
  {
   "fieldname": "document",
   "fieldtype": "Attach",
   "label": "Document"
  },
  {
   "fieldname": "date_of_issue",
   "fieldtype": "Date",
   "label": "Date of Issue"
  },
  {
   "fieldname": "column_break_jkvq",
   "fieldtype": "Column Break"
  },
  {
   "fieldname": "valid_upto",
   "fieldtype": "Date",
   "label": "Valid Upto",
   "reqd": 1
  },
  {
   "fieldname": "place_of_issue",
   "fieldtype": "Data",
   "label": "Place of Issue"
  },
  {
   "fieldname": "document_number",
   "fieldtype": "Data",
   "label": "Document Number"
  }
 ],
 "grid_page_length": 50,
 "index_web_pages_for_search": 1,
 "istable": 1,
 "links": [],
 "modified": "2025-08-03 09:59:28.534030",
 "modified_by": "Administrator",
 "module": "Dsi Erp",
 "name": "Renewable Documents",
 "owner": "Administrator",
 "permissions": [],
 "row_format": "Dynamic",
 "sort_field": "modified",
 "sort_order": "DESC",
 "states": []
}