{
 "actions": [],
 "allow_rename": 1,
 "creation": "2025-07-31 14:10:53.795416",
 "doctype": "DocType",
 "editable_grid": 1,
 "engine": "InnoDB",
 "field_order": [
  "document_name",
  "upload_document"
 ],
 "fields": [
  {
   "fieldname": "document_name",
   "fieldtype": "Data",
   "in_list_view": 1,
   "label": "Document Name",
   "reqd": 1
  },
  {
   "fieldname": "upload_document",
   "fieldtype": "Attach",
   "in_list_view": 1,
   "label": "Upload Document"
  }
 ],
 "grid_page_length": 50,
 "index_web_pages_for_search": 1,
 "istable": 1,
 "links": [],
 "modified": "2025-08-02 13:24:08.174552",
 "modified_by": "Administrator",
 "module": "Dsi Erp",
 "name": "Employee Document",
 "owner": "Administrator",
 "permissions": [],
 "row_format": "Dynamic",
 "sort_field": "modified",
 "sort_order": "DESC",
 "states": []
}