{
 "custom_fields": [
  {
   "_assign": null,
   "_comments": null,
   "_liked_by": null,
   "_user_tags": null,
   "allow_in_quick_entry": 0,
   "allow_on_submit": 0,
   "bold": 0,
   "collapsible": 0,
   "collapsible_depends_on": null,
   "columns": 0,
   "creation": "2025-07-31 14:52:32.862373",
   "default": null,
   "depends_on": null,
   "description": null,
   "docstatus": 0,
   "dt": "Employee",
   "fetch_from": null,
   "fetch_if_empty": 0,
   "fieldname": "approvers_section",
   "fieldtype": "Section Break",
   "hidden": 0,
   "hide_border": 0,
   "hide_days": 0,
   "hide_seconds": 0,
   "idx": 0,
   "ignore_user_permissions": 0,
   "ignore_xss_filter": 0,
   "in_global_search": 0,
   "in_list_view": 0,
   "in_preview": 0,
   "in_standard_filter": 0,
   "insert_after": "default_shift",
   "is_system_generated": 1,
   "is_virtual": 0,
   "label": "Approvers",
   "length": 0,
   "link_filters": null,
   "mandatory_depends_on": null,
   "modified": "2025-07-31 14:52:32.862373",
   "modified_by": "Administrator",
   "module": null,
   "name": "Employee-approvers_section",
   "no_copy": 0,
   "non_negative": 0,
   "options": null,
   "owner": "Administrator",
   "permlevel": 0,
   "placeholder": null,
   "precision": "",
   "print_hide": 0,
   "print_hide_if_no_value": 0,
   "print_width": null,
   "read_only": 0,
   "read_only_depends_on": null,
   "report_hide": 0,
   "reqd": 0,
   "search_index": 0,
   "show_dashboard": 0,
   "sort_options": 0,
   "translatable": 0,
   "unique": 0,
   "width": null
  },
  {
   "_assign": null,
   "_comments": null,
   "_liked_by": null,
   "_user_tags": null,
   "allow_in_quick_entry": 0,
   "allow_on_submit": 0,
   "bold": 0,
   "collapsible": 0,
   "collapsible_depends_on": null,
   "columns": 0,
   "creation": "2025-07-31 14:52:32.868991",
   "default": null,
   "depends_on": null,
   "description": null,
   "docstatus": 0,
   "dt": "Employee",
   "fetch_from": null,
   "fetch_if_empty": 0,
   "fieldname": "column_break_45",
   "fieldtype": "Column Break",
   "hidden": 0,
   "hide_border": 0,
   "hide_days": 0,
   "hide_seconds": 0,
   "idx": 0,
   "ignore_user_permissions": 0,
   "ignore_xss_filter": 0,
   "in_global_search": 0,
   "in_list_view": 0,
   "in_preview": 0,
   "in_standard_filter": 0,
   "insert_after": "leave_approver",
   "is_system_generated": 1,
   "is_virtual": 0,
   "label": null,
   "length": 0,
   "link_filters": null,
   "mandatory_depends_on": null,
   "modified": "2025-07-31 14:52:32.868991",
   "modified_by": "Administrator",
   "module": null,
   "name": "Employee-column_break_45",
   "no_copy": 0,
   "non_negative": 0,
   "options": null,
   "owner": "Administrator",
   "permlevel": 0,
   "placeholder": null,
   "precision": "",
   "print_hide": 0,
   "print_hide_if_no_value": 0,
   "print_width": null,
   "read_only": 0,
   "read_only_depends_on": null,
   "report_hide": 0,
   "reqd": 0,
   "search_index": 0,
   "show_dashboard": 0,
   "sort_options": 0,
   "translatable": 0,
   "unique": 0,
   "width": null
  },
  {
   "_assign": null,
   "_comments": null,
   "_liked_by": null,
   "_user_tags": null,
   "allow_in_quick_entry": 0,
   "allow_on_submit": 0,
   "bold": 0,
   "collapsible": 0,
   "collapsible_depends_on": null,
   "columns": 0,
   "creation": "2025-07-31 14:25:53.745286",
   "default": null,
   "depends_on": null,
   "description": null,
   "docstatus": 0,
   "dt": "Employee",
   "fetch_from": null,
   "fetch_if_empty": 0,
   "fieldname": "custom_document1",
   "fieldtype": "Table",
   "hidden": 0,
   "hide_border": 0,
   "hide_days": 0,
   "hide_seconds": 0,
   "idx": 104,
   "ignore_user_permissions": 0,
   "ignore_xss_filter": 0,
   "in_global_search": 0,
   "in_list_view": 0,
   "in_preview": 0,
   "in_standard_filter": 0,
   "insert_after": "custom_section_break_r0mju",
   "is_system_generated": 0,
   "is_virtual": 0,
   "label": "Document",
   "length": 0,
   "link_filters": null,
   "mandatory_depends_on": null,
   "modified": "2025-07-31 14:25:53.745286",
   "modified_by": "Administrator",
   "module": null,
   "name": "Employee-custom_document1",
   "no_copy": 0,
   "non_negative": 0,
   "options": "Employee Document",
   "owner": "Administrator",
   "permlevel": 0,
   "placeholder": null,
   "precision": "",
   "print_hide": 0,
   "print_hide_if_no_value": 0,
   "print_width": null,
   "read_only": 0,
   "read_only_depends_on": null,
   "report_hide": 0,
   "reqd": 0,
   "search_index": 0,
   "show_dashboard": 0,
   "sort_options": 0,
   "translatable": 0,
   "unique": 0,
   "width": null
  },
  {
   "_assign": null,
   "_comments": null,
   "_liked_by": null,
   "_user_tags": null,
   "allow_in_quick_entry": 0,
   "allow_on_submit": 0,
   "bold": 0,
   "collapsible": 0,
   "collapsible_depends_on": null,
   "columns": 0,
   "creation": "2025-07-31 14:21:49.080327",
   "default": null,
   "depends_on": "eval:!doc.__islocal",
   "description": null,
   "docstatus": 0,
   "dt": "Employee",
   "fetch_from": null,
   "fetch_if_empty": 0,
   "fieldname": "custom_documents",
   "fieldtype": "Tab Break",
   "hidden": 0,
   "hide_border": 0,
   "hide_days": 0,
   "hide_seconds": 0,
   "idx": 102,
   "ignore_user_permissions": 0,
   "ignore_xss_filter": 0,
   "in_global_search": 0,
   "in_list_view": 0,
   "in_preview": 0,
   "in_standard_filter": 0,
   "insert_after": "place_of_issue",
   "is_system_generated": 0,
   "is_virtual": 0,
   "label": "Documents",
   "length": 0,
   "link_filters": null,
   "mandatory_depends_on": null,
   "modified": "2025-07-31 14:21:49.080327",
   "modified_by": "Administrator",
   "module": null,
   "name": "Employee-custom_documents",
   "no_copy": 0,
   "non_negative": 0,
   "options": null,
   "owner": "Administrator",
   "permlevel": 0,
   "placeholder": null,
   "precision": "",
   "print_hide": 0,
   "print_hide_if_no_value": 0,
   "print_width": null,
   "read_only": 0,
   "read_only_depends_on": null,
   "report_hide": 0,
   "reqd": 0,
   "search_index": 0,
   "show_dashboard": 0,
   "sort_options": 0,
   "translatable": 0,
   "unique": 0,
   "width": null
  },
  {
   "_assign": null,
   "_comments": null,
   "_liked_by": null,
   "_user_tags": null,
   "allow_in_quick_entry": 0,
   "allow_on_submit": 0,
   "bold": 0,
   "collapsible": 0,
   "collapsible_depends_on": null,
   "columns": 0,
   "creation": "2025-07-31 14:05:24.867568",
   "default": null,
   "depends_on": null,
   "description": null,
   "docstatus": 0,
   "dt": "Employee",
   "fetch_from": null,
   "fetch_if_empty": 0,
   "fieldname": "custom_emergency_contact",
   "fieldtype": "Table",
   "hidden": 0,
   "hide_border": 0,
   "hide_days": 0,
   "hide_seconds": 0,
   "idx": 59,
   "ignore_user_permissions": 0,
   "ignore_xss_filter": 0,
   "in_global_search": 0,
   "in_list_view": 0,
   "in_preview": 0,
   "in_standard_filter": 0,
   "insert_after": "custom_section_break_gdjvp",
   "is_system_generated": 0,
   "is_virtual": 0,
   "label": "Emergency Contact",
   "length": 0,
   "link_filters": null,
   "mandatory_depends_on": null,
   "modified": "2025-07-31 14:05:24.867568",
   "modified_by": "Administrator",
   "module": null,
   "name": "Employee-custom_emergency_contact",
   "no_copy": 0,
   "non_negative": 0,
   "options": "Emergency Contact",
   "owner": "Administrator",
   "permlevel": 0,
   "placeholder": null,
   "precision": "",
   "print_hide": 0,
   "print_hide_if_no_value": 0,
   "print_width": null,
   "read_only": 0,
   "read_only_depends_on": null,
   "report_hide": 0,
   "reqd": 0,
   "search_index": 0,
   "show_dashboard": 0,
   "sort_options": 0,
   "translatable": 0,
   "unique": 0,
   "width": null
  },
  {
   "_assign": null,
   "_comments": null,
   "_liked_by": null,
   "_user_tags": null,
   "allow_in_quick_entry": 0,
   "allow_on_submit": 0,
   "bold": 0,
   "collapsible": 0,
   "collapsible_depends_on": null,
   "columns": 0,
   "creation": "2025-08-03 15:01:33.837080",
   "default": null,
   "depends_on": null,
   "description": null,
   "docstatus": 0,
   "dt": "Employee",
   "fetch_from": null,
   "fetch_if_empty": 0,
   "fieldname": "custom_profile_completion_percentage",
   "fieldtype": "Data",
   "hidden": 0,
   "hide_border": 0,
   "hide_days": 0,
   "hide_seconds": 0,
   "idx": 18,
   "ignore_user_permissions": 0,
   "ignore_xss_filter": 0,
   "in_global_search": 0,
   "in_list_view": 1,
   "in_preview": 0,
   "in_standard_filter": 0,
   "insert_after": "status",
   "is_system_generated": 0,
   "is_virtual": 0,
   "label": "Profile Completion Percentage",
   "length": 0,
   "link_filters": null,
   "mandatory_depends_on": null,
   "modified": "2025-08-03 15:01:33.837080",
   "modified_by": "Administrator",
   "module": null,
   "name": "Employee-custom_profile_completion_percentage",
   "no_copy": 0,
   "non_negative": 0,
   "options": null,
   "owner": "Administrator",
   "permlevel": 0,
   "placeholder": null,
   "precision": "",
   "print_hide": 0,
   "print_hide_if_no_value": 0,
   "print_width": null,
   "read_only": 1,
   "read_only_depends_on": null,
   "report_hide": 0,
   "reqd": 0,
   "search_index": 0,
   "show_dashboard": 0,
   "sort_options": 0,
   "translatable": 0,
   "unique": 0,
   "width": null
  },
  {
   "_assign": null,
   "_comments": null,
   "_liked_by": null,
   "_user_tags": null,
   "allow_in_quick_entry": 0,
   "allow_on_submit": 0,
   "bold": 0,
   "collapsible": 0,
   "collapsible_depends_on": null,
   "columns": 0,
   "creation": "2025-08-01 10:37:20.728090",
   "default": null,
   "depends_on": null,
   "description": null,
   "docstatus": 0,
   "dt": "Employee",
   "fetch_from": null,
   "fetch_if_empty": 0,
   "fieldname": "custom_renewable_documents",
   "fieldtype": "Table",
   "hidden": 0,
   "hide_border": 0,
   "hide_days": 0,
   "hide_seconds": 0,
   "idx": 105,
   "ignore_user_permissions": 0,
   "ignore_xss_filter": 0,
   "in_global_search": 0,
   "in_list_view": 0,
   "in_preview": 0,
   "in_standard_filter": 0,
   "insert_after": "custom_document1",
   "is_system_generated": 0,
   "is_virtual": 0,
   "label": "Renewable Documents",
   "length": 0,
   "link_filters": null,
   "mandatory_depends_on": null,
   "modified": "2025-08-01 10:37:20.728090",
   "modified_by": "Administrator",
   "module": null,
   "name": "Employee-custom_renewable_documents",
   "no_copy": 0,
   "non_negative": 0,
   "options": "Renewable Documents",
   "owner": "Administrator",
   "permlevel": 0,
   "placeholder": null,
   "precision": "",
   "print_hide": 0,
   "print_hide_if_no_value": 0,
   "print_width": null,
   "read_only": 0,
   "read_only_depends_on": null,
   "report_hide": 0,
   "reqd": 0,
   "search_index": 0,
   "show_dashboard": 0,
   "sort_options": 0,
   "translatable": 0,
   "unique": 0,
   "width": null
  },
  {
   "_assign": null,
   "_comments": null,
   "_liked_by": null,
   "_user_tags": null,
   "allow_in_quick_entry": 0,
   "allow_on_submit": 0,
   "bold": 0,
   "collapsible": 0,
   "collapsible_depends_on": null,
   "columns": 0,
   "creation": "2025-08-03 15:08:59.273356",
   "default": null,
   "depends_on": null,
   "description": null,
   "docstatus": 0,
   "dt": "Employee",
   "fetch_from": null,
   "fetch_if_empty": 0,
   "fieldname": "custom_resident_id",
   "fieldtype": "Data",
   "hidden": 0,
   "hide_border": 0,
   "hide_days": 0,
   "hide_seconds": 0,
   "idx": 12,
   "ignore_user_permissions": 0,
   "ignore_xss_filter": 0,
   "in_global_search": 0,
   "in_list_view": 0,
   "in_preview": 0,
   "in_standard_filter": 0,
   "insert_after": "salutation",
   "is_system_generated": 0,
   "is_virtual": 0,
   "label": "Resident ID",
   "length": 0,
   "link_filters": null,
   "mandatory_depends_on": null,
   "modified": "2025-08-03 15:08:59.273356",
   "modified_by": "Administrator",
   "module": null,
   "name": "Employee-custom_resident_id",
   "no_copy": 0,
   "non_negative": 0,
   "options": null,
   "owner": "Administrator",
   "permlevel": 0,
   "placeholder": null,
   "precision": "",
   "print_hide": 0,
   "print_hide_if_no_value": 0,
   "print_width": null,
   "read_only": 0,
   "read_only_depends_on": null,
   "report_hide": 0,
   "reqd": 0,
   "search_index": 0,
   "show_dashboard": 0,
   "sort_options": 0,
   "translatable": 1,
   "unique": 0,
   "width": null
  },
  {
   "_assign": null,
   "_comments": null,
   "_liked_by": null,
   "_user_tags": null,
   "allow_in_quick_entry": 0,
   "allow_on_submit": 0,
   "bold": 0,
   "collapsible": 0,
   "collapsible_depends_on": null,
   "columns": 0,
   "creation": "2025-07-31 14:05:24.653678",
   "default": null,
   "depends_on": null,
   "description": null,
   "docstatus": 0,
   "dt": "Employee",
   "fetch_from": null,
   "fetch_if_empty": 0,
   "fieldname": "custom_section_break_gdjvp",
   "fieldtype": "Section Break",
   "hidden": 0,
   "hide_border": 0,
   "hide_days": 0,
   "hide_seconds": 0,
   "idx": 58,
   "ignore_user_permissions": 0,
   "ignore_xss_filter": 0,
   "in_global_search": 0,
   "in_list_view": 0,
   "in_preview": 0,
   "in_standard_filter": 0,
   "insert_after": "permanent_accommodation_type",
   "is_system_generated": 0,
   "is_virtual": 0,
   "label": "",
   "length": 0,
   "link_filters": null,
   "mandatory_depends_on": null,
   "modified": "2025-07-31 14:05:24.653678",
   "modified_by": "Administrator",
   "module": null,
   "name": "Employee-custom_section_break_gdjvp",
   "no_copy": 0,
   "non_negative": 0,
   "options": null,
   "owner": "Administrator",
   "permlevel": 0,
   "placeholder": null,
   "precision": "",
   "print_hide": 0,
   "print_hide_if_no_value": 0,
   "print_width": null,
   "read_only": 0,
   "read_only_depends_on": null,
   "report_hide": 0,
   "reqd": 0,
   "search_index": 0,
   "show_dashboard": 0,
   "sort_options": 0,
   "translatable": 0,
   "unique": 0,
   "width": null
  },
  {
   "_assign": null,
   "_comments": null,
   "_liked_by": null,
   "_user_tags": null,
   "allow_in_quick_entry": 0,
   "allow_on_submit": 0,
   "bold": 0,
   "collapsible": 0,
   "collapsible_depends_on": null,
   "columns": 0,
   "creation": "2025-07-31 15:07:06.467672",
   "default": null,
   "depends_on": "",
   "description": null,
   "docstatus": 0,
   "dt": "Employee",
   "fetch_from": null,
   "fetch_if_empty": 0,
   "fieldname": "custom_section_break_r0mju",
   "fieldtype": "Section Break",
   "hidden": 0,
   "hide_border": 0,
   "hide_days": 0,
   "hide_seconds": 0,
   "idx": 103,
   "ignore_user_permissions": 0,
   "ignore_xss_filter": 0,
   "in_global_search": 0,
   "in_list_view": 0,
   "in_preview": 0,
   "in_standard_filter": 0,
   "insert_after": "custom_documents",
   "is_system_generated": 0,
   "is_virtual": 0,
   "label": "",
   "length": 0,
   "link_filters": null,
   "mandatory_depends_on": null,
   "modified": "2025-07-31 15:07:06.467672",
   "modified_by": "Administrator",
   "module": null,
   "name": "Employee-custom_section_break_r0mju",
   "no_copy": 0,
   "non_negative": 0,
   "options": null,
   "owner": "Administrator",
   "permlevel": 0,
   "placeholder": null,
   "precision": "",
   "print_hide": 0,
   "print_hide_if_no_value": 0,
   "print_width": null,
   "read_only": 0,
   "read_only_depends_on": null,
   "report_hide": 0,
   "reqd": 0,
   "search_index": 0,
   "show_dashboard": 0,
   "sort_options": 0,
   "translatable": 0,
   "unique": 0,
   "width": null
  },
  {
   "_assign": null,
   "_comments": null,
   "_liked_by": null,
   "_user_tags": null,
   "allow_in_quick_entry": 0,
   "allow_on_submit": 0,
   "bold": 0,
   "collapsible": 0,
   "collapsible_depends_on": null,
   "columns": 0,
   "creation": "2025-07-31 14:52:32.853379",
   "default": null,
   "depends_on": null,
   "description": null,
   "docstatus": 0,
   "dt": "Employee",
   "fetch_from": null,
   "fetch_if_empty": 0,
   "fieldname": "default_shift",
   "fieldtype": "Link",
   "hidden": 0,
   "hide_border": 0,
   "hide_days": 0,
   "hide_seconds": 0,
   "idx": 0,
   "ignore_user_permissions": 0,
   "ignore_xss_filter": 0,
   "in_global_search": 0,
   "in_list_view": 0,
   "in_preview": 0,
   "in_standard_filter": 0,
   "insert_after": "holiday_list",
   "is_system_generated": 1,
   "is_virtual": 0,
   "label": "Default Shift",
   "length": 0,
   "link_filters": null,
   "mandatory_depends_on": null,
   "modified": "2025-07-31 14:52:32.853379",
   "modified_by": "Administrator",
   "module": null,
   "name": "Employee-default_shift",
   "no_copy": 0,
   "non_negative": 0,
   "options": "Shift Type",
   "owner": "Administrator",
   "permlevel": 0,
   "placeholder": null,
   "precision": "",
   "print_hide": 0,
   "print_hide_if_no_value": 0,
   "print_width": null,
   "read_only": 0,
   "read_only_depends_on": null,
   "report_hide": 0,
   "reqd": 0,
   "search_index": 0,
   "show_dashboard": 0,
   "sort_options": 0,
   "translatable": 0,
   "unique": 0,
   "width": null
  },
  {
   "_assign": null,
   "_comments": null,
   "_liked_by": null,
   "_user_tags": null,
   "allow_in_quick_entry": 0,
   "allow_on_submit": 0,
   "bold": 0,
   "collapsible": 0,
   "collapsible_depends_on": null,
   "columns": 0,
   "creation": "2025-07-31 14:52:32.846714",
   "default": null,
   "depends_on": null,
   "description": null,
   "docstatus": 0,
   "dt": "Employee",
   "fetch_from": null,
   "fetch_if_empty": 0,
   "fieldname": "employment_type",
   "fieldtype": "Link",
   "hidden": 0,
   "hide_border": 0,
   "hide_days": 0,
   "hide_seconds": 0,
   "idx": 0,
   "ignore_user_permissions": 1,
   "ignore_xss_filter": 0,
   "in_global_search": 0,
   "in_list_view": 0,
   "in_preview": 0,
   "in_standard_filter": 0,
   "insert_after": "department",
   "is_system_generated": 1,
   "is_virtual": 0,
   "label": "Employment Type",
   "length": 0,
   "link_filters": null,
   "mandatory_depends_on": null,
   "modified": "2025-07-31 14:52:32.846714",
   "modified_by": "Administrator",
   "module": null,
   "name": "Employee-employment_type",
   "no_copy": 0,
   "non_negative": 0,
   "options": "Employment Type",
   "owner": "Administrator",
   "permlevel": 0,
   "placeholder": null,
   "precision": "",
   "print_hide": 0,
   "print_hide_if_no_value": 0,
   "print_width": null,
   "read_only": 0,
   "read_only_depends_on": null,
   "report_hide": 0,
   "reqd": 0,
   "search_index": 0,
   "show_dashboard": 0,
   "sort_options": 0,
   "translatable": 0,
   "unique": 0,
   "width": null
  },
  {
   "_assign": null,
   "_comments": null,
   "_liked_by": null,
   "_user_tags": null,
   "allow_in_quick_entry": 0,
   "allow_on_submit": 0,
   "bold": 0,
   "collapsible": 0,
   "collapsible_depends_on": null,
   "columns": 0,
   "creation": "2025-07-31 14:52:32.864570",
   "default": null,
   "depends_on": null,
   "description": null,
   "docstatus": 0,
   "dt": "Employee",
   "fetch_from": null,
   "fetch_if_empty": 0,
   "fieldname": "expense_approver",
   "fieldtype": "Link",
   "hidden": 0,
   "hide_border": 0,
   "hide_days": 0,
   "hide_seconds": 0,
   "idx": 0,
   "ignore_user_permissions": 0,
   "ignore_xss_filter": 0,
   "in_global_search": 0,
   "in_list_view": 0,
   "in_preview": 0,
   "in_standard_filter": 0,
   "insert_after": "approvers_section",
   "is_system_generated": 1,
   "is_virtual": 0,
   "label": "Expense Approver",
   "length": 0,
   "link_filters": null,
   "mandatory_depends_on": null,
   "modified": "2025-07-31 14:52:32.864570",
   "modified_by": "Administrator",
   "module": null,
   "name": "Employee-expense_approver",
   "no_copy": 0,
   "non_negative": 0,
   "options": "User",
   "owner": "Administrator",
   "permlevel": 0,
   "placeholder": null,
   "precision": "",
   "print_hide": 0,
   "print_hide_if_no_value": 0,
   "print_width": null,
   "read_only": 0,
   "read_only_depends_on": null,
   "report_hide": 0,
   "reqd": 0,
   "search_index": 0,
   "show_dashboard": 0,
   "sort_options": 0,
   "translatable": 0,
   "unique": 0,
   "width": null
  },
  {
   "_assign": null,
   "_comments": null,
   "_liked_by": null,
   "_user_tags": null,
   "allow_in_quick_entry": 0,
   "allow_on_submit": 0,
   "bold": 0,
   "collapsible": 0,
   "collapsible_depends_on": null,
   "columns": 0,
   "creation": "2025-07-31 14:52:32.851127",
   "default": null,
   "depends_on": null,
   "description": null,
   "docstatus": 0,
   "dt": "Employee",
   "fetch_from": null,
   "fetch_if_empty": 0,
   "fieldname": "grade",
   "fieldtype": "Link",
   "hidden": 0,
   "hide_border": 0,
   "hide_days": 0,
   "hide_seconds": 0,
   "idx": 0,
   "ignore_user_permissions": 0,
   "ignore_xss_filter": 0,
   "in_global_search": 0,
   "in_list_view": 0,
   "in_preview": 0,
   "in_standard_filter": 0,
   "insert_after": "branch",
   "is_system_generated": 1,
   "is_virtual": 0,
   "label": "Grade",
   "length": 0,
   "link_filters": null,
   "mandatory_depends_on": null,
   "modified": "2025-07-31 14:52:32.851127",
   "modified_by": "Administrator",
   "module": null,
   "name": "Employee-grade",
   "no_copy": 0,
   "non_negative": 0,
   "options": "Employee Grade",
   "owner": "Administrator",
   "permlevel": 0,
   "placeholder": null,
   "precision": "",
   "print_hide": 0,
   "print_hide_if_no_value": 0,
   "print_width": null,
   "read_only": 0,
   "read_only_depends_on": null,
   "report_hide": 0,
   "reqd": 0,
   "search_index": 0,
   "show_dashboard": 0,
   "sort_options": 0,
   "translatable": 0,
   "unique": 0,
   "width": null
  },
  {
   "_assign": null,
   "_comments": null,
   "_liked_by": null,
   "_user_tags": null,
   "allow_in_quick_entry": 0,
   "allow_on_submit": 0,
   "bold": 0,
   "collapsible": 0,
   "collapsible_depends_on": null,
   "columns": 0,
   "creation": "2025-07-31 14:52:32.859980",
   "default": null,
   "depends_on": "eval:doc.health_insurance_provider",
   "description": null,
   "docstatus": 0,
   "dt": "Employee",
   "fetch_from": null,
   "fetch_if_empty": 0,
   "fieldname": "health_insurance_no",
   "fieldtype": "Data",
   "hidden": 0,
   "hide_border": 0,
   "hide_days": 0,
   "hide_seconds": 0,
   "idx": 0,
   "ignore_user_permissions": 0,
   "ignore_xss_filter": 0,
   "in_global_search": 0,
   "in_list_view": 0,
   "in_preview": 0,
   "in_standard_filter": 0,
   "insert_after": "health_insurance_provider",
   "is_system_generated": 1,
   "is_virtual": 0,
   "label": "Health Insurance No",
   "length": 0,
   "link_filters": null,
   "mandatory_depends_on": null,
   "modified": "2025-07-31 14:52:32.859980",
   "modified_by": "Administrator",
   "module": null,
   "name": "Employee-health_insurance_no",
   "no_copy": 0,
   "non_negative": 0,
   "options": null,
   "owner": "Administrator",
   "permlevel": 0,
   "placeholder": null,
   "precision": "",
   "print_hide": 0,
   "print_hide_if_no_value": 0,
   "print_width": null,
   "read_only": 0,
   "read_only_depends_on": null,
   "report_hide": 0,
   "reqd": 0,
   "search_index": 0,
   "show_dashboard": 0,
   "sort_options": 0,
   "translatable": 0,
   "unique": 0,
   "width": null
  },
  {
   "_assign": null,
   "_comments": null,
   "_liked_by": null,
   "_user_tags": null,
   "allow_in_quick_entry": 0,
   "allow_on_submit": 0,
   "bold": 0,
   "collapsible": 0,
   "collapsible_depends_on": null,
   "columns": 0,
   "creation": "2025-07-31 14:52:32.857792",
   "default": null,
   "depends_on": null,
   "description": null,
   "docstatus": 0,
   "dt": "Employee",
   "fetch_from": null,
   "fetch_if_empty": 0,
   "fieldname": "health_insurance_provider",
   "fieldtype": "Link",
   "hidden": 0,
   "hide_border": 0,
   "hide_days": 0,
   "hide_seconds": 0,
   "idx": 0,
   "ignore_user_permissions": 0,
   "ignore_xss_filter": 0,
   "in_global_search": 0,
   "in_list_view": 0,
   "in_preview": 0,
   "in_standard_filter": 0,
   "insert_after": "health_insurance_section",
   "is_system_generated": 1,
   "is_virtual": 0,
   "label": "Health Insurance Provider",
   "length": 0,
   "link_filters": null,
   "mandatory_depends_on": null,
   "modified": "2025-07-31 14:52:32.857792",
   "modified_by": "Administrator",
   "module": null,
   "name": "Employee-health_insurance_provider",
   "no_copy": 0,
   "non_negative": 0,
   "options": "Employee Health Insurance",
   "owner": "Administrator",
   "permlevel": 0,
   "placeholder": null,
   "precision": "",
   "print_hide": 0,
   "print_hide_if_no_value": 0,
   "print_width": null,
   "read_only": 0,
   "read_only_depends_on": null,
   "report_hide": 0,
   "reqd": 0,
   "search_index": 0,
   "show_dashboard": 0,
   "sort_options": 0,
   "translatable": 0,
   "unique": 0,
   "width": null
  },
  {
   "_assign": null,
   "_comments": null,
   "_liked_by": null,
   "_user_tags": null,
   "allow_in_quick_entry": 0,
   "allow_on_submit": 0,
   "bold": 0,
   "collapsible": 1,
   "collapsible_depends_on": null,
   "columns": 0,
   "creation": "2025-07-31 14:52:32.855550",
   "default": null,
   "depends_on": null,
   "description": null,
   "docstatus": 0,
   "dt": "Employee",
   "fetch_from": null,
   "fetch_if_empty": 0,
   "fieldname": "health_insurance_section",
   "fieldtype": "Section Break",
   "hidden": 0,
   "hide_border": 0,
   "hide_days": 0,
   "hide_seconds": 0,
   "idx": 0,
   "ignore_user_permissions": 0,
   "ignore_xss_filter": 0,
   "in_global_search": 0,
   "in_list_view": 0,
   "in_preview": 0,
   "in_standard_filter": 0,
   "insert_after": "health_details",
   "is_system_generated": 1,
   "is_virtual": 0,
   "label": "Health Insurance",
   "length": 0,
   "link_filters": null,
   "mandatory_depends_on": null,
   "modified": "2025-07-31 14:52:32.855550",
   "modified_by": "Administrator",
   "module": null,
   "name": "Employee-health_insurance_section",
   "no_copy": 0,
   "non_negative": 0,
   "options": null,
   "owner": "Administrator",
   "permlevel": 0,
   "placeholder": null,
   "precision": "",
   "print_hide": 0,
   "print_hide_if_no_value": 0,
   "print_width": null,
   "read_only": 0,
   "read_only_depends_on": null,
   "report_hide": 0,
   "reqd": 0,
   "search_index": 0,
   "show_dashboard": 0,
   "sort_options": 0,
   "translatable": 0,
   "unique": 0,
   "width": null
  },
  {
   "_assign": null,
   "_comments": null,
   "_liked_by": null,
   "_user_tags": null,
   "allow_in_quick_entry": 0,
   "allow_on_submit": 0,
   "bold": 0,
   "collapsible": 0,
   "collapsible_depends_on": null,
   "columns": 0,
   "creation": "2025-07-31 14:52:32.848962",
   "default": null,
   "depends_on": null,
   "description": null,
   "docstatus": 0,
   "dt": "Employee",
   "fetch_from": null,
   "fetch_if_empty": 0,
   "fieldname": "job_applicant",
   "fieldtype": "Link",
   "hidden": 0,
   "hide_border": 0,
   "hide_days": 0,
   "hide_seconds": 0,
   "idx": 0,
   "ignore_user_permissions": 0,
   "ignore_xss_filter": 0,
   "in_global_search": 0,
   "in_list_view": 0,
   "in_preview": 0,
   "in_standard_filter": 0,
   "insert_after": "employment_details",
   "is_system_generated": 1,
   "is_virtual": 0,
   "label": "Job Applicant",
   "length": 0,
   "link_filters": null,
   "mandatory_depends_on": null,
   "modified": "2025-07-31 14:52:32.848962",
   "modified_by": "Administrator",
   "module": null,
   "name": "Employee-job_applicant",
   "no_copy": 0,
   "non_negative": 0,
   "options": "Job Applicant",
   "owner": "Administrator",
   "permlevel": 0,
   "placeholder": null,
   "precision": "",
   "print_hide": 0,
   "print_hide_if_no_value": 0,
   "print_width": null,
   "read_only": 0,
   "read_only_depends_on": null,
   "report_hide": 0,
   "reqd": 0,
   "search_index": 0,
   "show_dashboard": 0,
   "sort_options": 0,
   "translatable": 0,
   "unique": 0,
   "width": null
  },
  {
   "_assign": null,
   "_comments": null,
   "_liked_by": null,
   "_user_tags": null,
   "allow_in_quick_entry": 0,
   "allow_on_submit": 0,
   "bold": 0,
   "collapsible": 0,
   "collapsible_depends_on": null,
   "columns": 0,
   "creation": "2025-07-31 14:52:32.866772",
   "default": null,
   "depends_on": null,
   "description": null,
   "docstatus": 0,
   "dt": "Employee",
   "fetch_from": null,
   "fetch_if_empty": 0,
   "fieldname": "leave_approver",
   "fieldtype": "Link",
   "hidden": 0,
   "hide_border": 0,
   "hide_days": 0,
   "hide_seconds": 0,
   "idx": 0,
   "ignore_user_permissions": 0,
   "ignore_xss_filter": 0,
   "in_global_search": 0,
   "in_list_view": 0,
   "in_preview": 0,
   "in_standard_filter": 0,
   "insert_after": "expense_approver",
   "is_system_generated": 1,
   "is_virtual": 0,
   "label": "Leave Approver",
   "length": 0,
   "link_filters": null,
   "mandatory_depends_on": null,
   "modified": "2025-07-31 14:52:32.866772",
   "modified_by": "Administrator",
   "module": null,
   "name": "Employee-leave_approver",
   "no_copy": 0,
   "non_negative": 0,
   "options": "User",
   "owner": "Administrator",
   "permlevel": 0,
   "placeholder": null,
   "precision": "",
   "print_hide": 0,
   "print_hide_if_no_value": 0,
   "print_width": null,
   "read_only": 0,
   "read_only_depends_on": null,
   "report_hide": 0,
   "reqd": 0,
   "search_index": 0,
   "show_dashboard": 0,
   "sort_options": 0,
   "translatable": 0,
   "unique": 0,
   "width": null
  },
  {
   "_assign": null,
   "_comments": null,
   "_liked_by": null,
   "_user_tags": null,
   "allow_in_quick_entry": 0,
   "allow_on_submit": 0,
   "bold": 0,
   "collapsible": 0,
   "collapsible_depends_on": null,
   "columns": 0,
   "creation": "2025-07-31 14:52:32.875556",
   "default": null,
   "depends_on": null,
   "description": null,
   "docstatus": 0,
   "dt": "Employee",
   "fetch_from": "department.payroll_cost_center",
   "fetch_if_empty": 1,
   "fieldname": "payroll_cost_center",
   "fieldtype": "Link",
   "hidden": 0,
   "hide_border": 0,
   "hide_days": 0,
   "hide_seconds": 0,
   "idx": 0,
   "ignore_user_permissions": 0,
   "ignore_xss_filter": 0,
   "in_global_search": 0,
   "in_list_view": 0,
   "in_preview": 0,
   "in_standard_filter": 0,
   "insert_after": "salary_cb",
   "is_system_generated": 1,
   "is_virtual": 0,
   "label": "Payroll Cost Center",
   "length": 0,
   "link_filters": null,
   "mandatory_depends_on": null,
   "modified": "2025-07-31 14:52:32.875556",
   "modified_by": "Administrator",
   "module": null,
   "name": "Employee-payroll_cost_center",
   "no_copy": 0,
   "non_negative": 0,
   "options": "Cost Center",
   "owner": "Administrator",
   "permlevel": 0,
   "placeholder": null,
   "precision": "",
   "print_hide": 0,
   "print_hide_if_no_value": 0,
   "print_width": null,
   "read_only": 0,
   "read_only_depends_on": null,
   "report_hide": 0,
   "reqd": 0,
   "search_index": 0,
   "show_dashboard": 0,
   "sort_options": 0,
   "translatable": 0,
   "unique": 0,
   "width": null
  },
  {
   "_assign": null,
   "_comments": null,
   "_liked_by": null,
   "_user_tags": null,
   "allow_in_quick_entry": 0,
   "allow_on_submit": 0,
   "bold": 0,
   "collapsible": 0,
   "collapsible_depends_on": null,
   "columns": 0,
   "creation": "2025-07-31 14:52:32.873378",
   "default": null,
   "depends_on": null,
   "description": null,
   "docstatus": 0,
   "dt": "Employee",
   "fetch_from": null,
   "fetch_if_empty": 0,
   "fieldname": "salary_cb",
   "fieldtype": "Column Break",
   "hidden": 0,
   "hide_border": 0,
   "hide_days": 0,
   "hide_seconds": 0,
   "idx": 0,
   "ignore_user_permissions": 0,
   "ignore_xss_filter": 0,
   "in_global_search": 0,
   "in_list_view": 0,
   "in_preview": 0,
   "in_standard_filter": 0,
   "insert_after": "salary_mode",
   "is_system_generated": 1,
   "is_virtual": 0,
   "label": null,
   "length": 0,
   "link_filters": null,
   "mandatory_depends_on": null,
   "modified": "2025-07-31 14:52:32.873378",
   "modified_by": "Administrator",
   "module": null,
   "name": "Employee-salary_cb",
   "no_copy": 0,
   "non_negative": 0,
   "options": null,
   "owner": "Administrator",
   "permlevel": 0,
   "placeholder": null,
   "precision": "",
   "print_hide": 0,
   "print_hide_if_no_value": 0,
   "print_width": null,
   "read_only": 0,
   "read_only_depends_on": null,
   "report_hide": 0,
   "reqd": 0,
   "search_index": 0,
   "show_dashboard": 0,
   "sort_options": 0,
   "translatable": 0,
   "unique": 0,
   "width": null
  },
  {
   "_assign": null,
   "_comments": null,
   "_liked_by": null,
   "_user_tags": null,
   "allow_in_quick_entry": 0,
   "allow_on_submit": 0,
   "bold": 0,
   "collapsible": 0,
   "collapsible_depends_on": null,
   "columns": 0,
   "creation": "2025-07-31 14:52:32.871190",
   "default": null,
   "depends_on": null,
   "description": null,
   "docstatus": 0,
   "dt": "Employee",
   "fetch_from": null,
   "fetch_if_empty": 0,
   "fieldname": "shift_request_approver",
   "fieldtype": "Link",
   "hidden": 0,
   "hide_border": 0,
   "hide_days": 0,
   "hide_seconds": 0,
   "idx": 0,
   "ignore_user_permissions": 0,
   "ignore_xss_filter": 0,
   "in_global_search": 0,
   "in_list_view": 0,
   "in_preview": 0,
   "in_standard_filter": 0,
   "insert_after": "column_break_45",
   "is_system_generated": 1,
   "is_virtual": 0,
   "label": "Shift Request Approver",
   "length": 0,
   "link_filters": null,
   "mandatory_depends_on": null,
   "modified": "2025-07-31 14:52:32.871190",
   "modified_by": "Administrator",
   "module": null,
   "name": "Employee-shift_request_approver",
   "no_copy": 0,
   "non_negative": 0,
   "options": "User",
   "owner": "Administrator",
   "permlevel": 0,
   "placeholder": null,
   "precision": "",
   "print_hide": 0,
   "print_hide_if_no_value": 0,
   "print_width": null,
   "read_only": 0,
   "read_only_depends_on": null,
   "report_hide": 0,
   "reqd": 0,
   "search_index": 0,
   "show_dashboard": 0,
   "sort_options": 0,
   "translatable": 0,
   "unique": 0,
   "width": null
  }
 ],
 "custom_perms": [],
 "doctype": "Employee",
 "links": [],
 "property_setters": [
  {
   "_assign": null,
   "_comments": null,
   "_liked_by": null,
   "_user_tags": null,
   "creation": "2025-07-31 13:58:30.394014",
   "default_value": null,
   "doc_type": "Employee",
   "docstatus": 0,
   "doctype_or_field": "DocField",
   "field_name": "emergency_contact_details",
   "idx": 0,
   "is_system_generated": 0,
   "modified": "2025-08-03 10:52:21.418439",
   "modified_by": "Administrator",
   "module": null,
   "name": "Employee-emergency_contact_details-hidden",
   "owner": "Administrator",
   "property": "hidden",
   "property_type": "Check",
   "row_name": null,
   "value": "1"
  },
  {
   "_assign": null,
   "_comments": null,
   "_liked_by": null,
   "_user_tags": null,
   "creation": "2025-08-03 15:08:59.098604",
   "default_value": null,
   "doc_type": "Employee",
   "docstatus": 0,
   "doctype_or_field": "DocType",
   "field_name": null,
   "idx": 0,
   "is_system_generated": 0,
   "modified": "2025-08-03 15:08:59.098604",
   "modified_by": "Administrator",
   "module": null,
   "name": "Employee-main-field_order",
   "owner": "Administrator",
   "property": "field_order",
   "property_type": "Data",
   "row_name": null,
   "value": "[\"basic_details_tab\", \"basic_information\", \"employee\", \"naming_series\", \"first_name\", \"middle_name\", \"last_name\", \"employee_name\", \"column_break_9\", \"gender\", \"date_of_birth\", \"salutation\", \"resident_id\", \"column_break1\", \"date_of_joining\", \"image\", \"status\", \"custom_profile_completion_percentage\", \"erpnext_user\", \"user_id\", \"create_user\", \"create_user_permission\", \"company_details_section\", \"company\", \"department\", \"employment_type\", \"employee_number\", \"column_break_25\", \"designation\", \"reports_to\", \"column_break_18\", \"branch\", \"grade\", \"employment_details\", \"job_applicant\", \"scheduled_confirmation_date\", \"column_break_32\", \"final_confirmation_date\", \"contract_end_date\", \"col_break_22\", \"notice_number_of_days\", \"date_of_retirement\", \"contact_details\", \"cell_number\", \"column_break_40\", \"personal_email\", \"company_email\", \"column_break4\", \"prefered_contact_email\", \"prefered_email\", \"unsubscribed\", \"address_section\", \"current_address\", \"current_accommodation_type\", \"column_break_46\", \"permanent_address\", \"permanent_accommodation_type\", \"custom_section_break_gdjvp\", \"custom_emergency_contact\", \"emergency_contact_details\", \"person_to_be_contacted\", \"column_break_55\", \"emergency_phone_number\", \"column_break_19\", \"relation\", \"attendance_and_leave_details\", \"attendance_device_id\", \"column_break_44\", \"holiday_list\", \"default_shift\", \"approvers_section\", \"expense_approver\", \"leave_approver\", \"column_break_45\", \"shift_request_approver\", \"salary_information\", \"ctc\", \"salary_currency\", \"salary_mode\", \"salary_cb\", \"payroll_cost_center\", \"bank_details_section\", \"bank_name\", \"column_break_heye\", \"bank_ac_no\", \"iban\", \"personal_details\", \"marital_status\", \"family_background\", \"column_break6\", \"blood_group\", \"health_details\", \"health_insurance_section\", \"health_insurance_provider\", \"health_insurance_no\", \"passport_details_section\", \"passport_number\", \"valid_upto\", \"column_break_73\", \"date_of_issue\", \"place_of_issue\", \"custom_documents\", \"custom_section_break_r0mju\", \"custom_document1\", \"custom_renewable_documents\", \"profile_tab\", \"bio\", \"educational_qualification\", \"education\", \"previous_work_experience\", \"external_work_history\", \"history_in_company\", \"internal_work_history\", \"exit\", \"resignation_letter_date\", \"relieving_date\", \"exit_interview_details\", \"held_on\", \"new_workplace\", \"column_break_99\", \"leave_encashed\", \"encashment_date\", \"feedback_section\", \"reason_for_leaving\", \"column_break_104\", \"feedback\", \"lft\", \"rgt\", \"old_parent\", \"connections_tab\"]"
  }
 ],
 "sync_on_migrate": 1
}