[
 {
  "absolute_value": 0,
  "align_labels_right": 0,
  "css": null,
  "custom_format": 1,
  "default_print_language": null,
  "disabled": 0,
  "doc_type": "Job Offer",
  "docstatus": 0,
  "doctype": "Print Format",
  "font": null,
  "font_size": 0,
  "format_data": null,
  "html": "{% set terms_exist = doc.terms and (doc.terms|striptags).strip() or \"\" %}\n\n{% if letter_head and not no_letterhead -%}\n    <div class=\"letter-head\">{{ letter_head }}</div>\n    <hr>\n{%- endif %}\n\n<div {% if terms_exist -%} class=\"page-break\" {%- endif %}>\n<p>\n\n<!-- job offer content starts here, <br> is used to create new lines -->\nDate: {{ doc.offer_date }}\n<br><br>\n\nDear {{ doc.applicant_name }}, \n\n<br><br>\n\nWe are pleased to appoint you in the services of {{ doc.company }} on the terms and conditions detailed in this letter.\n\n<br><br>\n\nYour designation shall be <b>{{ doc.designation }}</b>.\n\n<br><br>\n\n<!-- job offer terms and description from the table -->\n\n{%- if doc.offer_terms -%}\n    {%- for row in doc.offer_terms -%}\n        <b>{{ row.offer_term }}:</b> {{ row.value }}\n\n        <br>\n    {%- endfor -%}\n{%- endif -%}\n\n<br>\n\n<!-- job offer content continues -->\n\n\nPlease read the detailed terms as below. If you have any queries, feel free to get in touch with us.\nWe look forward to your long and fruitful career association with our organisation.\nIf you decide to join us, 'Welcome to {{ doc.company }} !'\n\n<br><br>\n\n<p class=\"strong\">\n\nYours truly,\n\n<br><br><br><br>\n\nAuthorized Signatory\n\n<br>\n\n{{ doc.company }}\n\n<!-- job offer content ends here -->\n\n</p>\n</div>\n\n<!-- job offer terms and conditions -->\n{% if terms_exist %}\n<div> {{ doc.terms }} </div>\n{% endif %}",
  "line_breaks": 0,
  "margin_bottom": 0.0,
  "margin_left": 0.0,
  "margin_right": 0.0,
  "margin_top": 0.0,
  "modified": "2018-02-15 03:03:55.844085",
  "module": "HR",
  "name": "Job Offer",
  "page_number": null,
  "pdf_generator": null,
  "print_format_builder": 0,
  "print_format_builder_beta": 0,
  "print_format_type": "Jinja",
  "raw_commands": null,
  "raw_printing": 0,
  "show_section_headings": 0,
  "standard": "Yes"
 },
 {
  "absolute_value": 0,
  "align_labels_right": 0,
  "css": null,
  "custom_format": 1,
  "default_print_language": null,
  "disabled": 0,
  "doc_type": "Purchase Order",
  "docstatus": 0,
  "doctype": "Print Format",
  "font": "Default",
  "font_size": 0,
  "format_data": null,
  "html": "<div class=\"page-break\">\n    <div class=\"print-heading\">\n\t\t<h2>Purchase Order<br>\n\t        <small>{{doc.name}}</small>\n        </h2>\n    </div>\n    <div class=\"row section-break\">\n        <div class=\"col-xs-6 column-break\">\n                <div class=\"row\">\n\t\t\t\t\t<div class=\"col-xs-5 text-right\">\n\t\t\t\t\t\t<label>Supplier Name</label>\n\t\t\t\t\t</div>\n\t\t\t\t\t<div class=\"col-xs-7  value\">\n\t\t\t\t\t\t{{doc.supplier_name}}\n\t\t\t\t\t</div>\n\t\t\t\t</div>\n\t\t\t\t{% if doc.address_display %}\n\t                <div class=\"row\">\n\t\t\t\t\t\t<div class=\"col-xs-5 text-right\">\n\t\t\t\t\t\t\t<label>Address</label>\n\t\t\t\t\t\t</div>\n\t\t\t\t\t\t<div class=\"col-xs-7  value\">\n\t\t\t\t\t\t\t{{doc.address_display}}\n\t\t\t\t\t\t</div>\n\t\t\t\t\t</div>\n\t\t\t\t{%- endif -%}\n\t\t\t\t{% if doc.contact_display %}\n\t                <div class=\"row\">\n\t\t\t\t\t\t<div class=\"col-xs-5 text-right\">\n\t\t\t\t\t\t\t<label>Contact</label>\n\t\t\t\t\t\t</div>\n\t\t\t\t\t\t<div class=\"col-xs-7  value\">\n\t\t\t\t\t\t\t{{doc.contact_display}}\n\t\t\t\t\t\t</div>\n\t\t\t\t\t</div>\n\t\t\t\t{%- endif -%}\n\t\t\t\t{% if doc.contact_mobile %}\n\t                <div class=\"row\">\n\t\t\t\t\t\t<div class=\"col-xs-5 text-right\">\n\t\t\t\t\t\t\t<label>Mobile No</label>\n\t\t\t\t\t\t</div>\n\t\t\t\t\t\t<div class=\"col-xs-7  value\">\n\t\t\t\t\t\t\t{{doc.contact_mobile}}\n\t\t\t\t\t\t</div>\n\t\t\t\t\t</div>\n\t\t\t\t{%- endif -%}\n        </div>\n        \n        <div class=\"col-xs-6 column-break\">\n            <div class=\"row\">\n\t\t\t\t<div class=\"col-xs-5 text-right\">\n\t\t\t\t\t<label>Date</label>\n\t\t\t\t</div>\n\t\t\t\t<div class=\"col-xs-7  value\">\n\t\t\t\t\t{{doc.transaction_date}}\n\t\t\t\t</div>\n\t\t\t</div>\n            <div class=\"row\">\n\t\t\t\t<div class=\"col-xs-5 text-right\">\n\t\t\t\t\t<label>Customer Name</label>\n\t\t\t\t</div>\n\t\t\t\t<div class=\"col-xs-7  value\">\n\t\t\t\t\t{{doc.customer_name}}\n\t\t\t\t</div>\n\t\t\t</div>\n\t\t\t{% if doc.shipping_address_display %}\n\t            <div class=\"row\">\n\t\t\t\t\t<div class=\"col-xs-5 text-right\">\n\t\t\t\t\t\t<label>Customer Address</label>\n\t\t\t\t\t</div>\n\t\t\t\t\t<div class=\"col-xs-7  value\">\n\t\t\t\t\t\t{{doc.shipping_address_display}}\n\t\t\t\t\t</div>\n\t\t\t\t</div>\n\t\t\t{%- endif -%}\n\t\t\t{% if doc.customer_contact_display %}\n\t            <div class=\"row\">\n\t\t\t\t\t<div class=\"col-xs-5 text-right\">\n\t\t\t\t\t\t<label>Customer Contact</label>\n\t\t\t\t\t</div>\n\t\t\t\t\t<div class=\"col-xs-7  value\">\n\t\t\t\t\t\t{{doc.customer_contact_display}}\n\t\t\t\t\t</div>\n\t\t\t\t</div>\n\t\t\t{%- endif -%}\n\t\t\t{% if doc.customer_contact_mobile %}\n\t            <div class=\"row\">\n\t\t\t\t\t<div class=\"col-xs-5 text-right\">\n\t\t\t\t\t\t<label>Customer Mobile No</label>\n\t\t\t\t\t</div>\n\t\t\t\t\t<div class=\"col-xs-7  value\">\n\t\t\t\t\t\t{{doc.customer_contact_mobile}}\n\t\t\t\t\t</div>\n\t\t\t\t</div>\n\t\t\t{%- endif -%}\n        </div>\n    </div>\n\t<table class=\"table table-bordered\">\n\t\t<tbody>\n\t\t\t<tr>\n\t\t\t\t<th>Sr</th>\n\t\t\t\t<th>Item Name</th>\n\t\t\t\t<th>Description</th>\n\t\t\t\t<th class=\"text-right\">Qty</th>\n\t\t\t\t<th class=\"text-right\">Rate</th>\n\t\t\t\t<th class=\"text-right\">Amount</th>\n\t\t\t</tr>\n\t\t\t{%- for row in doc.items -%}\n\t\t\t<tr>\n\t\t\t\t<td style=\"width: 3%;\">{{ row.idx }}</td>\n\t\t\t\t<td style=\"width: 20%;\">\n\t\t\t\t\t{{ row.item_name }}\n\t\t\t\t\t{% if row.item_code != row.item_name -%}\n\t\t\t\t\t<br>Item Code: {{ row.item_code}}\n\t\t\t\t\t{%- endif %}\n\t\t\t\t</td>\n\t\t\t\t<td style=\"width: 37%;\">\n\t\t\t\t\t<div style=\"border: 0px;\">{{ row.description }}</div></td>\n\t\t\t\t<td style=\"width: 10%; text-align: right;\">{{ row.qty }} {{ row.uom or row.stock_uom }}</td>\n\t\t\t\t<td style=\"width: 15%; text-align: right;\">{{\n\t\t\t\t\trow.get_formatted(\"rate\", doc) }}</td>\n\t\t\t\t<td style=\"width: 15%; text-align: right;\">{{\n\t\t\t\t\trow.get_formatted(\"amount\", doc) }}</td>\n\t\t\t</tr>\n\t\t\t{%- endfor -%}\n\t\t</tbody>\n\t</table>\n    <div class=\"row section-break\">\n        <div class=\"col-xs-6 column-break\">\n        </div>\n        <div class=\"col-xs-6 column-break\">\n                <div class=\"row\">\n\t\t\t\t\t<div class=\"col-xs-5 text-right\">\n\t\t\t\t\t\t<label>Total</label>\n\t\t\t\t\t</div>\n\t\t\t\t\t<div class=\"col-xs-7 text-right value\">\n\t\t\t\t\t\t{{doc.total}}\n\t\t\t\t\t</div>\n\t\t\t\t</div>\n                <div class=\"row\">\n\t\t\t\t\t<div class=\"col-xs-5 text-right\">\n\t\t\t\t\t\t<label>Grand Total</label>\n\t\t\t\t\t</div>\n\t\t\t\t\t<div class=\"col-xs-7 text-right value\">\n\t\t\t\t\t\t{{doc.grand_total}}\n\t\t\t\t\t</div>\n\t\t\t\t</div>\n                <div class=\"row\">\n\t\t\t\t\t<div class=\"col-xs-5 text-right\">\n\t\t\t\t\t\t<label>In Words</label>\n\t\t\t\t\t</div>\n\t\t\t\t\t<div class=\"col-xs-7 text-right value\">\n\t\t\t\t\t\t{{doc.in_words}}\n\t\t\t\t\t</div>\n\t\t\t\t</div>\n        </div>\n    </div>\n</div>",
  "line_breaks": 0,
  "margin_bottom": 0.0,
  "margin_left": 0.0,
  "margin_right": 0.0,
  "margin_top": 0.0,
  "modified": "2016-03-07 20:49:39.443328",
  "module": null,
  "name": "Drop Shipping Format",
  "page_number": null,
  "pdf_generator": null,
  "print_format_builder": 0,
  "print_format_builder_beta": 0,
  "print_format_type": "Jinja",
  "raw_commands": null,
  "raw_printing": 0,
  "show_section_headings": 0,
  "standard": "Yes"
 },
 {
  "absolute_value": 0,
  "align_labels_right": 0,
  "css": null,
  "custom_format": 1,
  "default_print_language": null,
  "disabled": 0,
  "doc_type": "Sales Invoice",
  "docstatus": 0,
  "doctype": "Print Format",
  "font": "Default",
  "font_size": 0,
  "format_data": null,
  "html": "<style>\n\t.print-format table, .print-format tr, \n\t.print-format td, .print-format div, .print-format p {\n\t\tfont-family: Monospace;\n\t\tline-height: 200%;\n\t\tvertical-align: middle;\n\t}\n\t@media screen {\n\t\t.print-format {\n\t\t\twidth: 4in;\n\t\t\tpadding: 0.25in;\n\t\t\tmin-height: 8in;\n\t\t}\n\t}\n</style>\n\n<p class=\"text-center\">\n\t{{ company }}<br>\n\t{{  __(\"POS No : \") }} {{ offline_pos_name }}<br>\n</p>\n<p>\n\t<b>{{ __(\"Customer\") }}:</b> {{ customer }}<br>\n</p>\n\n<p>\n\t<b>{{ __(\"Date\") }}:</b> {{ dateutil.global_date_format(posting_date) }}<br>\n</p>\n\n<hr>\n<table class=\"table table-condensed cart no-border\">\n\t<thead>\n\t\t<tr>\n\t\t\t<th width=\"50%\">{{ __(\"Item\") }}</b></th>\n\t\t\t<th width=\"25%\" class=\"text-right\">{{ __(\"Qty\") }}</th>\n\t\t\t<th width=\"25%\" class=\"text-right\">{{ __(\"Amount\") }}</th>\n\t\t</tr>\n\t</thead>\n\t<tbody>\n\t\t{% for item in items %}\n\t\t<tr>\n\t\t\t<td>\n\t\t\t\t{{ item.item_name }}\n\t\t\t</td>\n\t\t\t<td class=\"text-right\">{{ format_number(item.qty, null,precision(\"difference\")) }}<br>@ {{ format_currency(item.rate, currency) }}</td>\n\t\t\t<td class=\"text-right\">{{ format_currency(item.amount, currency) }}</td>\n\t\t</tr>\n\t\t{% endfor %}\n\t</tbody>\n</table>\n\n<table class=\"table table-condensed no-border\">\n\t<tbody>\n\t\t<tr>\n\t\t\t<td class=\"text-right\" style=\"width: 70%\">\n\t\t\t\t{{ __(\"Net Total\") }}\n\t\t\t</td>\n\t\t\t<td class=\"text-right\">\n\t\t\t\t{{ format_currency(total, currency) }}\n\t\t\t</td>\n\t\t</tr>\n\t\t{% for row in taxes %}\n\t\t{% if not row.included_in_print_rate %}\n\t\t<tr>\n\t\t\t<td class=\"text-right\" style=\"width: 70%\">\n\t\t\t\t{{ row.description }}\n\t\t\t</td>\n\t\t\t<td class=\"text-right\">\n\t\t\t\t{{ format_currency(row.tax_amount, currency) }}\n\t\t\t</td>\n\t\t</tr>\n\t\t{% endif %}\n\t\t{% endfor %}\n\t\t{% if discount_amount %}\n\t\t<tr>\n\t\t\t<td class=\"text-right\" style=\"width: 75%\">\n\t\t\t\t{{ __(\"Discount\") }}\n\t\t\t</td>\n\t\t\t<td class=\"text-right\">\n\t\t\t\t{{ format_currency(discount_amount, currency) }}\n\t\t\t</td>\n\t\t</tr>\n\t\t{% endif %}\n\t\t<tr>\n\t\t\t<td class=\"text-right\" style=\"width: 75%\">\n\t\t\t\t<b>{{ __(\"Grand Total\") }}</b>\n\t\t\t</td>\n\t\t\t<td class=\"text-right\">\n\t\t\t\t{{ format_currency(grand_total, currency) }}\n\t\t\t</td>\n\t\t</tr>\n\t\t<tr>\n\t\t\t<td class=\"text-right\" style=\"width: 75%\">\n\t\t\t\t<b>{{ __(\"Paid Amount\") }}</b>\n\t\t\t</td>\n\t\t\t<td class=\"text-right\">\n\t\t\t\t{{ format_currency(paid_amount, currency) }}\n\t\t\t</td>\n\t\t</tr>\n\t\t<tr>\n\t\t\t<td class=\"text-right\" style=\"width: 75%\">\n\t\t\t\t<b>{{ __(\"Qty Total\") }}</b>\n\t\t\t</td>\n\t\t\t<td class=\"text-right\">\n\t\t\t\t{{ qty_total }}\n\t\t\t</td>\n\t\t</tr>\n\t</tbody>\n</table>\n\n\n<hr>\n<p>{{ terms }}</p>\n<p class=\"text-center\">{{ __(\"Thank you, please visit again.\") }}</p>",
  "line_breaks": 0,
  "margin_bottom": 0.0,
  "margin_left": 0.0,
  "margin_right": 0.0,
  "margin_top": 0.0,
  "modified": "2019-09-05 17:20:30.726659",
  "module": "Accounts",
  "name": "Point of Sale",
  "page_number": null,
  "pdf_generator": null,
  "print_format_builder": 0,
  "print_format_builder_beta": 0,
  "print_format_type": "JS",
  "raw_commands": null,
  "raw_printing": 0,
  "show_section_headings": 0,
  "standard": "Yes"
 },
 {
  "absolute_value": 0,
  "align_labels_right": 0,
  "css": null,
  "custom_format": 0,
  "default_print_language": null,
  "disabled": 0,
  "doc_type": "Salary Slip",
  "docstatus": 0,
  "doctype": "Print Format",
  "font": "Default",
  "font_size": 0,
  "format_data": "[{\"fieldname\": \"print_heading_template\", \"fieldtype\": \"Custom HTML\", \"options\": \"   <h3 style=\\\"text-align: right;\\\"><span style=\\\"line-height: 1.42857;\\\">{{doc.name}}</span></h3>\\n<div>\\n    <hr style=\\\"text-align: center;\\\">\\n</div>   \"}, {\"fieldtype\": \"Section Break\", \"label\": \"\"}, {\"fieldtype\": \"Column Break\"}, {\"print_hide\": 0, \"fieldname\": \"employee\", \"label\": \"Employee\"}, {\"print_hide\": 0, \"fieldname\": \"company\", \"label\": \"Company\"}, {\"print_hide\": 0, \"fieldname\": \"employee_name\", \"label\": \"Employee Name\"}, {\"print_hide\": 0, \"fieldname\": \"department\", \"label\": \"Department\"}, {\"print_hide\": 0, \"fieldname\": \"designation\", \"label\": \"Designation\"}, {\"print_hide\": 0, \"fieldname\": \"branch\", \"label\": \"Branch\"}, {\"fieldtype\": \"Column Break\"}, {\"print_hide\": 0, \"fieldname\": \"start_date\", \"label\": \"Start Date\"}, {\"print_hide\": 0, \"fieldname\": \"end_date\", \"label\": \"End Date\"}, {\"print_hide\": 0, \"fieldname\": \"total_working_days\", \"label\": \"Working Days\"}, {\"print_hide\": 0, \"fieldname\": \"leave_without_pay\", \"label\": \"Leave Without Pay\"}, {\"print_hide\": 0, \"fieldname\": \"payment_days\", \"label\": \"Payment Days\"}, {\"fieldtype\": \"Section Break\", \"label\": \"\"}, {\"fieldtype\": \"Column Break\"}, {\"visible_columns\": [{\"print_hide\": 0, \"fieldname\": \"salary_component\", \"print_width\": \"\"}, {\"print_hide\": 0, \"fieldname\": \"amount\", \"print_width\": \"\"}], \"print_hide\": 0, \"fieldname\": \"earnings\", \"label\": \"Earnings\"}, {\"fieldtype\": \"Column Break\"}, {\"visible_columns\": [{\"print_hide\": 0, \"fieldname\": \"salary_component\", \"print_width\": \"\"}, {\"print_hide\": 0, \"fieldname\": \"amount\", \"print_width\": \"\"}, {\"print_hide\": 0, \"fieldname\": \"depends_on_payment_days\", \"print_width\": \"\"}], \"print_hide\": 0, \"fieldname\": \"deductions\", \"label\": \"Deductions\"}, {\"fieldtype\": \"Section Break\", \"label\": \"\"}, {\"fieldtype\": \"Column Break\"}, {\"fieldtype\": \"Column Break\"}, {\"print_hide\": 0, \"fieldname\": \"gross_pay\", \"label\": \"Gross Pay\"}, {\"print_hide\": 0, \"fieldname\": \"total_deduction\", \"label\": \"Total Deduction\"}, {\"print_hide\": 0, \"fieldname\": \"net_pay\", \"label\": \"Net Pay\"}, {\"print_hide\": 0, \"fieldname\": \"rounded_total\", \"label\": \"Rounded Total\"}, {\"print_hide\": 0, \"fieldname\": \"total_in_words\", \"label\": \"Total in words\"}]",
  "html": null,
  "line_breaks": 0,
  "margin_bottom": 0.0,
  "margin_left": 0.0,
  "margin_right": 0.0,
  "margin_top": 0.0,
  "modified": "2018-07-24 19:31:39.040701",
  "module": "HR",
  "name": "Salary Slip Standard",
  "page_number": null,
  "pdf_generator": null,
  "print_format_builder": 1,
  "print_format_builder_beta": 0,
  "print_format_type": "Jinja",
  "raw_commands": null,
  "raw_printing": 0,
  "show_section_headings": 0,
  "standard": "Yes"
 },
 {
  "absolute_value": 0,
  "align_labels_right": 0,
  "css": null,
  "custom_format": 0,
  "default_print_language": null,
  "disabled": 0,
  "doc_type": "Salary Slip",
  "docstatus": 0,
  "doctype": "Print Format",
  "font": "Default",
  "font_size": 0,
  "format_data": "[{\"fieldname\": \"print_heading_template\", \"fieldtype\": \"HTML\", \"options\": \"  <h3 style=\\\"text-align: right;\\\">{{doc.name}}</h3><div><hr></div>  \"}, {\"fieldtype\": \"Section Break\"}, {\"fieldtype\": \"Column Break\"}, {\"print_hide\": 0, \"fieldname\": \"employee\"}, {\"print_hide\": 0, \"fieldname\": \"employee_name\"}, {\"print_hide\": 0, \"fieldname\": \"department\"}, {\"print_hide\": 0, \"fieldname\": \"designation\"}, {\"print_hide\": 0, \"fieldname\": \"branch\"}, {\"fieldtype\": \"Column Break\"}, {\"print_hide\": 0, \"fieldname\": \"start_date\"}, {\"print_hide\": 0, \"fieldname\": \"end_date\"}, {\"print_hide\": 0, \"fieldname\": \"total_working_hours\"}, {\"print_hide\": 0, \"fieldname\": \"hour_rate\"}, {\"fieldtype\": \"Section Break\"}, {\"fieldtype\": \"Column Break\"}, {\"visible_columns\": [{\"print_hide\": 0, \"fieldname\": \"time_sheet\", \"print_width\": \"\"}, {\"print_hide\": 0, \"fieldname\": \"working_hours\", \"print_width\": \"\"}], \"print_hide\": 0, \"fieldname\": \"timesheets\"}, {\"fieldtype\": \"Column Break\"}, {\"fieldtype\": \"Section Break\"}, {\"fieldtype\": \"Column Break\"}, {\"visible_columns\": [{\"print_hide\": 0, \"fieldname\": \"salary_component\", \"print_width\": \"\"}, {\"print_hide\": 0, \"fieldname\": \"amount\", \"print_width\": \"\"}, {\"print_hide\": 0, \"fieldname\": \"depends_on_payment_days\", \"print_width\": \"\"}], \"print_hide\": 0, \"fieldname\": \"earnings\"}, {\"fieldtype\": \"Column Break\"}, {\"visible_columns\": [{\"print_hide\": 0, \"fieldname\": \"salary_component\", \"print_width\": \"\"}, {\"print_hide\": 0, \"fieldname\": \"amount\", \"print_width\": \"\"}, {\"print_hide\": 0, \"fieldname\": \"depends_on_payment_days\", \"print_width\": \"\"}], \"print_hide\": 0, \"fieldname\": \"deductions\"}, {\"fieldtype\": \"Section Break\"}, {\"fieldtype\": \"Column Break\"}, {\"fieldtype\": \"Column Break\"}, {\"print_hide\": 0, \"fieldname\": \"gross_pay\"}, {\"print_hide\": 0, \"fieldname\": \"total_deduction\"}, {\"print_hide\": 0, \"fieldname\": \"net_pay\"}, {\"print_hide\": 0, \"fieldname\": \"rounded_total\"}, {\"print_hide\": 0, \"fieldname\": \"total_in_words\"}]",
  "html": null,
  "line_breaks": 0,
  "margin_bottom": 0.0,
  "margin_left": 0.0,
  "margin_right": 0.0,
  "margin_top": 0.0,
  "modified": "2016-08-21 21:02:59.896033",
  "module": null,
  "name": "Salary Slip based on Timesheet",
  "page_number": null,
  "pdf_generator": null,
  "print_format_builder": 1,
  "print_format_builder_beta": 0,
  "print_format_type": "Jinja",
  "raw_commands": null,
  "raw_printing": 0,
  "show_section_headings": 0,
  "standard": "Yes"
 },
 {
  "absolute_value": 0,
  "align_labels_right": 0,
  "css": null,
  "custom_format": 0,
  "default_print_language": null,
  "disabled": 1,
  "doc_type": "Sales Invoice",
  "docstatus": 0,
  "doctype": "Print Format",
  "font": "Default",
  "font_size": 0,
  "format_data": "[{\"fieldname\": \"print_heading_template\", \"fieldtype\": \"Custom HTML\", \"options\": \"<div class=\\\"print-heading\\\">\\t\\t\\t\\t<h2>TAX Invoice<br><small>{{ doc.name }}</small>\\t\\t\\t\\t</h2></div>\"}, {\"fieldtype\": \"Section Break\", \"label\": \"\"}, {\"fieldtype\": \"Column Break\"}, {\"print_hide\": 0, \"fieldname\": \"customer_name\", \"label\": \"Customer Name\"}, {\"print_hide\": 0, \"fieldname\": \"customer_name_in_arabic\", \"label\": \"Customer Name in Arabic\"}, {\"fieldtype\": \"Column Break\"}, {\"print_hide\": 0, \"fieldname\": \"posting_date\", \"label\": \"Date\"}, {\"fieldtype\": \"Section Break\", \"label\": \"Address\"}, {\"fieldtype\": \"Column Break\"}, {\"print_hide\": 0, \"fieldname\": \"company\", \"label\": \"Company\"}, {\"print_hide\": 0, \"fieldname\": \"company_trn\", \"label\": \"Company TRN\"}, {\"fieldtype\": \"Column Break\"}, {\"print_hide\": 0, \"fieldname\": \"company_address_display\", \"label\": \"Company Address\"}, {\"fieldtype\": \"Section Break\", \"label\": \"\"}, {\"fieldtype\": \"Column Break\"}, {\"visible_columns\": [{\"print_hide\": 0, \"fieldname\": \"item_code\", \"print_width\": \"\"}, {\"print_hide\": 0, \"fieldname\": \"description\", \"print_width\": \"200px\"}, {\"print_hide\": 0, \"fieldname\": \"uom\", \"print_width\": \"\"}, {\"print_hide\": 0, \"fieldname\": \"tax_code\", \"print_width\": \"\"}], \"print_hide\": 0, \"fieldname\": \"items\", \"label\": \"Items\"}, {\"fieldtype\": \"Section Break\", \"label\": \"\"}, {\"fieldtype\": \"Column Break\"}, {\"fieldtype\": \"Column Break\"}, {\"print_hide\": 0, \"fieldname\": \"total\", \"label\": \"Total\"}, {\"fieldtype\": \"Section Break\", \"label\": \"\"}, {\"fieldtype\": \"Column Break\"}, {\"visible_columns\": [{\"print_hide\": 0, \"fieldname\": \"charge_type\", \"print_width\": \"\"}, {\"print_hide\": 0, \"fieldname\": \"row_id\", \"print_width\": \"\"}, {\"print_hide\": 0, \"fieldname\": \"account_head\", \"print_width\": \"\"}, {\"print_hide\": 0, \"fieldname\": \"cost_center\", \"print_width\": \"\"}, {\"print_hide\": 0, \"fieldname\": \"description\", \"print_width\": \"300px\"}, {\"print_hide\": 0, \"fieldname\": \"rate\", \"print_width\": \"\"}, {\"print_hide\": 0, \"fieldname\": \"tax_amount\", \"print_width\": \"\"}, {\"print_hide\": 0, \"fieldname\": \"total\", \"print_width\": \"\"}, {\"print_hide\": 0, \"fieldname\": \"tax_amount_after_discount_amount\", \"print_width\": \"\"}, {\"print_hide\": 0, \"fieldname\": \"base_tax_amount\", \"print_width\": \"\"}, {\"print_hide\": 0, \"fieldname\": \"base_total\", \"print_width\": \"\"}, {\"print_hide\": 0, \"fieldname\": \"base_tax_amount_after_discount_amount\", \"print_width\": \"\"}, {\"print_hide\": 0, \"fieldname\": \"item_wise_tax_detail\", \"print_width\": \"\"}], \"print_hide\": 0, \"fieldname\": \"taxes\", \"label\": \"Sales Taxes and Charges\"}, {\"fieldtype\": \"Section Break\", \"label\": \"\"}, {\"fieldtype\": \"Column Break\"}, {\"fieldtype\": \"Column Break\"}, {\"print_hide\": 0, \"fieldname\": \"grand_total\", \"label\": \"Grand Total\"}, {\"print_hide\": 0, \"fieldname\": \"rounded_total\", \"label\": \"Rounded Total\"}, {\"print_hide\": 0, \"fieldname\": \"in_words\", \"align\": \"left\", \"label\": \"In Words\"}]",
  "html": null,
  "line_breaks": 0,
  "margin_bottom": 0.0,
  "margin_left": 0.0,
  "margin_right": 0.0,
  "margin_top": 0.0,
  "modified": "2017-12-15 11:57:20.498724",
  "module": "Regional",
  "name": "Simplified Tax Invoice",
  "page_number": null,
  "pdf_generator": null,
  "print_format_builder": 1,
  "print_format_builder_beta": 0,
  "print_format_type": "Jinja",
  "raw_commands": null,
  "raw_printing": 0,
  "show_section_headings": 0,
  "standard": "Yes"
 },
 {
  "absolute_value": 0,
  "align_labels_right": 0,
  "css": null,
  "custom_format": 0,
  "default_print_language": null,
  "disabled": 1,
  "doc_type": "Sales Invoice",
  "docstatus": 0,
  "doctype": "Print Format",
  "font": "Default",
  "font_size": 0,
  "format_data": "[{\"fieldname\": \"print_heading_template\", \"fieldtype\": \"Custom HTML\", \"options\": \"<div class=\\\"print-heading\\\">\\t\\t\\t\\t<h2>TAX Invoice<br><small>{{ doc.name }}</small>\\t\\t\\t\\t</h2></div>\"}, {\"fieldtype\": \"Section Break\", \"label\": \"\"}, {\"fieldtype\": \"Column Break\"}, {\"print_hide\": 0, \"fieldname\": \"customer_name\", \"label\": \"Customer Name\"}, {\"print_hide\": 0, \"fieldname\": \"customer_name_in_arabic\", \"label\": \"Customer Name in Arabic\"}, {\"fieldtype\": \"Column Break\"}, {\"print_hide\": 0, \"fieldname\": \"posting_date\", \"label\": \"Date\"}, {\"print_hide\": 0, \"fieldname\": \"project\", \"align\": \"left\", \"label\": \"Reverse Charge Applicable\"}, {\"fieldtype\": \"Section Break\", \"label\": \"Address\"}, {\"fieldtype\": \"Column Break\"}, {\"print_hide\": 0, \"fieldname\": \"address_display\", \"label\": \"Address\"}, {\"print_hide\": 0, \"fieldname\": \"tax_id\", \"label\": \"Tax Id\"}, {\"print_hide\": 0, \"fieldname\": \"contact_display\", \"label\": \"Contact\"}, {\"print_hide\": 0, \"fieldname\": \"contact_mobile\", \"label\": \"Mobile No\"}, {\"fieldtype\": \"Column Break\"}, {\"print_hide\": 0, \"fieldname\": \"company\", \"label\": \"Company\"}, {\"print_hide\": 0, \"fieldname\": \"company_address_display\", \"label\": \"Company Address\"}, {\"print_hide\": 0, \"fieldname\": \"company_trn\", \"label\": \"Company TRN\"}, {\"fieldtype\": \"Section Break\", \"label\": \"\"}, {\"fieldtype\": \"Column Break\"}, {\"visible_columns\": [{\"print_hide\": 0, \"fieldname\": \"item_code\", \"print_width\": \"\"}, {\"print_hide\": 0, \"fieldname\": \"description\", \"print_width\": \"200px\"}, {\"print_hide\": 0, \"fieldname\": \"image\", \"print_width\": \"\"}, {\"print_hide\": 0, \"fieldname\": \"qty\", \"print_width\": \"\"}, {\"print_hide\": 0, \"fieldname\": \"uom\", \"print_width\": \"\"}, {\"print_hide\": 0, \"fieldname\": \"rate\", \"print_width\": \"\"}, {\"print_hide\": 0, \"fieldname\": \"amount\", \"print_width\": \"\"}, {\"print_hide\": 0, \"fieldname\": \"tax_code\", \"print_width\": \"\"}], \"print_hide\": 0, \"fieldname\": \"items\", \"label\": \"Items\"}, {\"fieldtype\": \"Section Break\", \"label\": \"\"}, {\"fieldtype\": \"Column Break\"}, {\"fieldtype\": \"Column Break\"}, {\"print_hide\": 0, \"fieldname\": \"total\", \"label\": \"Total\"}, {\"fieldtype\": \"Section Break\", \"label\": \"\"}, {\"fieldtype\": \"Column Break\"}, {\"visible_columns\": [{\"print_hide\": 0, \"fieldname\": \"charge_type\", \"print_width\": \"\"}, {\"print_hide\": 0, \"fieldname\": \"row_id\", \"print_width\": \"\"}, {\"print_hide\": 0, \"fieldname\": \"account_head\", \"print_width\": \"\"}, {\"print_hide\": 0, \"fieldname\": \"cost_center\", \"print_width\": \"\"}, {\"print_hide\": 0, \"fieldname\": \"description\", \"print_width\": \"300px\"}, {\"print_hide\": 0, \"fieldname\": \"rate\", \"print_width\": \"\"}, {\"print_hide\": 0, \"fieldname\": \"tax_amount\", \"print_width\": \"\"}, {\"print_hide\": 0, \"fieldname\": \"total\", \"print_width\": \"\"}, {\"print_hide\": 0, \"fieldname\": \"tax_amount_after_discount_amount\", \"print_width\": \"\"}, {\"print_hide\": 0, \"fieldname\": \"base_tax_amount\", \"print_width\": \"\"}, {\"print_hide\": 0, \"fieldname\": \"base_total\", \"print_width\": \"\"}, {\"print_hide\": 0, \"fieldname\": \"base_tax_amount_after_discount_amount\", \"print_width\": \"\"}, {\"print_hide\": 0, \"fieldname\": \"item_wise_tax_detail\", \"print_width\": \"\"}], \"print_hide\": 0, \"fieldname\": \"taxes\", \"label\": \"Sales Taxes and Charges\"}, {\"fieldtype\": \"Section Break\", \"label\": \"\"}, {\"fieldtype\": \"Column Break\"}, {\"fieldtype\": \"Column Break\"}, {\"print_hide\": 0, \"fieldname\": \"grand_total\", \"label\": \"Grand Total\"}, {\"print_hide\": 0, \"fieldname\": \"rounded_total\", \"label\": \"Rounded Total\"}, {\"print_hide\": 0, \"fieldname\": \"in_words\", \"align\": \"left\", \"label\": \"In Words\"}, {\"fieldtype\": \"Section Break\", \"label\": \"\"}, {\"fieldtype\": \"Column Break\"}, {\"print_hide\": 0, \"fieldname\": \"other_charges_calculation\", \"label\": \"Taxes and Charges Calculation\"}, {\"fieldtype\": \"Section Break\", \"label\": \"Terms\"}, {\"fieldtype\": \"Column Break\"}, {\"print_hide\": 0, \"fieldname\": \"terms\", \"label\": \"Terms and Conditions Details\"}]",
  "html": null,
  "line_breaks": 0,
  "margin_bottom": 0.0,
  "margin_left": 0.0,
  "margin_right": 0.0,
  "margin_top": 0.0,
  "modified": "2017-12-28 13:39:26.068659",
  "module": "Regional",
  "name": "Detailed Tax Invoice",
  "page_number": null,
  "pdf_generator": null,
  "print_format_builder": 1,
  "print_format_builder_beta": 0,
  "print_format_type": "Jinja",
  "raw_commands": null,
  "raw_printing": 0,
  "show_section_headings": 0,
  "standard": "Yes"
 },
 {
  "absolute_value": 0,
  "align_labels_right": 0,
  "css": null,
  "custom_format": 0,
  "default_print_language": null,
  "disabled": 1,
  "doc_type": "Sales Invoice",
  "docstatus": 0,
  "doctype": "Print Format",
  "font": "Default",
  "font_size": 0,
  "format_data": "[{\"fieldname\": \"print_heading_template\", \"fieldtype\": \"Custom HTML\", \"options\": \"<div class=\\\"print-heading\\\">\\t\\t\\t\\t<h2>TAX Invoice<br><small>{{ doc.name }}</small>\\t\\t\\t\\t</h2></div>\"}, {\"fieldtype\": \"Section Break\", \"label\": \"\"}, {\"fieldtype\": \"Column Break\"}, {\"print_hide\": 0, \"fieldname\": \"customer_name\", \"label\": \"Customer Name\"}, {\"print_hide\": 0, \"fieldname\": \"customer_name_in_arabic\", \"label\": \"Customer Name in Arabic\"}, {\"fieldtype\": \"Column Break\"}, {\"print_hide\": 0, \"fieldname\": \"posting_date\", \"label\": \"Date\"}, {\"print_hide\": 0, \"fieldname\": \"project\", \"align\": \"left\", \"label\": \"Reverse Charge Applicable\"}, {\"fieldtype\": \"Section Break\", \"label\": \"Address\"}, {\"fieldtype\": \"Column Break\"}, {\"print_hide\": 0, \"fieldname\": \"address_display\", \"label\": \"Address\"}, {\"print_hide\": 0, \"fieldname\": \"tax_id\", \"label\": \"Tax Id\"}, {\"print_hide\": 0, \"fieldname\": \"contact_display\", \"label\": \"Contact\"}, {\"print_hide\": 0, \"fieldname\": \"contact_mobile\", \"label\": \"Mobile No\"}, {\"fieldtype\": \"Column Break\"}, {\"print_hide\": 0, \"fieldname\": \"company\", \"label\": \"Company\"}, {\"print_hide\": 0, \"fieldname\": \"company_address_display\", \"label\": \"Company Address\"}, {\"print_hide\": 0, \"fieldname\": \"company_trn\", \"label\": \"Company TRN\"}, {\"fieldtype\": \"Section Break\", \"label\": \"\"}, {\"fieldtype\": \"Column Break\"}, {\"visible_columns\": [{\"print_hide\": 0, \"fieldname\": \"item_code\", \"print_width\": \"50px\"}, {\"print_hide\": 0, \"fieldname\": \"tax_code\", \"print_width\": \"50px\"}, {\"print_hide\": 0, \"fieldname\": \"qty\", \"print_width\": \"30px\"}, {\"print_hide\": 0, \"fieldname\": \"uom\", \"print_width\": \"\"}, {\"print_hide\": 0, \"fieldname\": \"rate\", \"print_width\": \"\"}, {\"print_hide\": 0, \"fieldname\": \"amount\", \"print_width\": \"\"}, {\"print_hide\": 0, \"fieldname\": \"tax_rate\", \"print_width\": \"10px\"}, {\"print_hide\": 0, \"fieldname\": \"tax_amount\", \"print_width\": \"\"}, {\"print_hide\": 0, \"fieldname\": \"total_amount\", \"print_width\": \"\"}, {\"print_hide\": 0, \"fieldname\": \"delivery_date\", \"print_width\": \"30px\"}], \"print_hide\": 0, \"fieldname\": \"items\", \"label\": \"Items\"}, {\"fieldtype\": \"Section Break\", \"label\": \"\"}, {\"fieldtype\": \"Column Break\"}, {\"fieldtype\": \"Column Break\"}, {\"print_hide\": 0, \"fieldname\": \"total\", \"label\": \"Total\"}, {\"fieldtype\": \"Section Break\", \"label\": \"\"}, {\"fieldtype\": \"Column Break\"}, {\"visible_columns\": [{\"print_hide\": 0, \"fieldname\": \"charge_type\", \"print_width\": \"\"}, {\"print_hide\": 0, \"fieldname\": \"row_id\", \"print_width\": \"\"}, {\"print_hide\": 0, \"fieldname\": \"account_head\", \"print_width\": \"\"}, {\"print_hide\": 0, \"fieldname\": \"cost_center\", \"print_width\": \"\"}, {\"print_hide\": 0, \"fieldname\": \"description\", \"print_width\": \"300px\"}, {\"print_hide\": 0, \"fieldname\": \"rate\", \"print_width\": \"\"}, {\"print_hide\": 0, \"fieldname\": \"tax_amount\", \"print_width\": \"\"}, {\"print_hide\": 0, \"fieldname\": \"total\", \"print_width\": \"\"}, {\"print_hide\": 0, \"fieldname\": \"tax_amount_after_discount_amount\", \"print_width\": \"\"}, {\"print_hide\": 0, \"fieldname\": \"base_tax_amount\", \"print_width\": \"\"}, {\"print_hide\": 0, \"fieldname\": \"base_total\", \"print_width\": \"\"}, {\"print_hide\": 0, \"fieldname\": \"base_tax_amount_after_discount_amount\", \"print_width\": \"\"}, {\"print_hide\": 0, \"fieldname\": \"item_wise_tax_detail\", \"print_width\": \"\"}], \"print_hide\": 0, \"fieldname\": \"taxes\", \"label\": \"Sales Taxes and Charges\"}, {\"fieldtype\": \"Section Break\", \"label\": \"\"}, {\"fieldtype\": \"Column Break\"}, {\"fieldtype\": \"Column Break\"}, {\"print_hide\": 0, \"fieldname\": \"grand_total\", \"label\": \"Grand Total\"}, {\"print_hide\": 0, \"fieldname\": \"rounded_total\", \"label\": \"Rounded Total\"}, {\"fieldtype\": \"Section Break\", \"label\": \"Terms\"}, {\"fieldtype\": \"Column Break\"}, {\"print_hide\": 0, \"fieldname\": \"terms\", \"label\": \"Terms and Conditions Details\"}]",
  "html": null,
  "line_breaks": 0,
  "margin_bottom": 0.0,
  "margin_left": 0.0,
  "margin_right": 0.0,
  "margin_top": 0.0,
  "modified": "2017-12-27 16:05:27.785367",
  "module": "Regional",
  "name": "Tax Invoice",
  "page_number": null,
  "pdf_generator": null,
  "print_format_builder": 1,
  "print_format_builder_beta": 0,
  "print_format_type": "Jinja",
  "raw_commands": null,
  "raw_printing": 0,
  "show_section_headings": 0,
  "standard": "Yes"
 },
 {
  "absolute_value": 0,
  "align_labels_right": 0,
  "css": null,
  "custom_format": 0,
  "default_print_language": "en",
  "disabled": 0,
  "doc_type": "Purchase Invoice",
  "docstatus": 0,
  "doctype": "Print Format",
  "font": "Default",
  "font_size": 0,
  "format_data": null,
  "html": null,
  "line_breaks": 0,
  "margin_bottom": 0.0,
  "margin_left": 0.0,
  "margin_right": 0.0,
  "margin_top": 0.0,
  "modified": "2019-02-14 14:42:35.151611",
  "module": "Accounts",
  "name": "Purchase Auditing Voucher",
  "page_number": null,
  "pdf_generator": null,
  "print_format_builder": 0,
  "print_format_builder_beta": 0,
  "print_format_type": "Jinja",
  "raw_commands": null,
  "raw_printing": 0,
  "show_section_headings": 0,
  "standard": "Yes"
 },
 {
  "absolute_value": 0,
  "align_labels_right": 0,
  "css": null,
  "custom_format": 0,
  "default_print_language": "en",
  "disabled": 0,
  "doc_type": "Payment Entry",
  "docstatus": 0,
  "doctype": "Print Format",
  "font": "Default",
  "font_size": 0,
  "format_data": null,
  "html": null,
  "line_breaks": 0,
  "margin_bottom": 0.0,
  "margin_left": 0.0,
  "margin_right": 0.0,
  "margin_top": 0.0,
  "modified": "2019-02-15 11:49:08.608619",
  "module": "Accounts",
  "name": "Bank and Cash Payment Voucher",
  "page_number": null,
  "pdf_generator": null,
  "print_format_builder": 0,
  "print_format_builder_beta": 0,
  "print_format_type": "Jinja",
  "raw_commands": null,
  "raw_printing": 0,
  "show_section_headings": 0,
  "standard": "Yes"
 },
 {
  "absolute_value": 0,
  "align_labels_right": 0,
  "css": null,
  "custom_format": 0,
  "default_print_language": "en",
  "disabled": 0,
  "doc_type": "Journal Entry",
  "docstatus": 0,
  "doctype": "Print Format",
  "font": "Default",
  "font_size": 0,
  "format_data": null,
  "html": null,
  "line_breaks": 0,
  "margin_bottom": 0.0,
  "margin_left": 0.0,
  "margin_right": 0.0,
  "margin_top": 0.0,
  "modified": "2019-02-15 14:13:05.721784",
  "module": "Accounts",
  "name": "Journal Auditing Voucher",
  "page_number": null,
  "pdf_generator": null,
  "print_format_builder": 0,
  "print_format_builder_beta": 0,
  "print_format_type": "Jinja",
  "raw_commands": null,
  "raw_printing": 0,
  "show_section_headings": 0,
  "standard": "Yes"
 },
 {
  "absolute_value": 0,
  "align_labels_right": 0,
  "css": null,
  "custom_format": 0,
  "default_print_language": "en",
  "disabled": 0,
  "doc_type": "Sales Invoice",
  "docstatus": 0,
  "doctype": "Print Format",
  "font": "Default",
  "font_size": 0,
  "format_data": null,
  "html": null,
  "line_breaks": 0,
  "margin_bottom": 0.0,
  "margin_left": 0.0,
  "margin_right": 0.0,
  "margin_top": 0.0,
  "modified": "2019-02-15 15:02:51.454754",
  "module": "Accounts",
  "name": "Sales Auditing Voucher",
  "page_number": null,
  "pdf_generator": null,
  "print_format_builder": 0,
  "print_format_builder_beta": 0,
  "print_format_type": "Jinja",
  "raw_commands": null,
  "raw_printing": 0,
  "show_section_headings": 0,
  "standard": "Yes"
 },
 {
  "absolute_value": 0,
  "align_labels_right": 1,
  "css": null,
  "custom_format": 0,
  "default_print_language": "en-US",
  "disabled": 0,
  "doc_type": "Sales Invoice",
  "docstatus": 0,
  "doctype": "Print Format",
  "font": "Default",
  "font_size": 0,
  "format_data": null,
  "html": "",
  "line_breaks": 1,
  "margin_bottom": 0.0,
  "margin_left": 0.0,
  "margin_right": 0.0,
  "margin_top": 0.0,
  "modified": "2019-07-24 20:13:30.259953",
  "module": "Accounts",
  "name": "Sales Invoice Return",
  "page_number": null,
  "pdf_generator": null,
  "print_format_builder": 0,
  "print_format_builder_beta": 0,
  "print_format_type": "Jinja",
  "raw_commands": null,
  "raw_printing": 0,
  "show_section_headings": 1,
  "standard": "Yes"
 },
 {
  "absolute_value": 0,
  "align_labels_right": 1,
  "css": null,
  "custom_format": 0,
  "default_print_language": null,
  "disabled": 0,
  "doc_type": "Pick List",
  "docstatus": 0,
  "doctype": "Print Format",
  "font": "Default",
  "font_size": 0,
  "format_data": "[{\"fieldname\": \"print_heading_template\", \"fieldtype\": \"Custom HTML\", \"options\": \"<div class=\\\"print-heading\\\">\\t\\t\\t\\t<h2>Pick List<br><small>{{ doc.name }}</small>\\t\\t\\t\\t</h2></div>\"}, {\"fieldtype\": \"Section Break\", \"label\": \"\"}, {\"fieldtype\": \"Column Break\"}, {\"print_hide\": 0, \"fieldname\": \"company\", \"label\": \"Company\"}, {\"print_hide\": 0, \"fieldname\": \"customer\", \"label\": \"Customer\"}, {\"fieldtype\": \"Column Break\"}, {\"print_hide\": 0, \"fieldname\": \"purpose\", \"label\": \"Purpose\"}, {\"fieldtype\": \"Section Break\", \"label\": \"\"}, {\"fieldtype\": \"Column Break\"}, {\"visible_columns\": [{\"print_hide\": 0, \"fieldname\": \"item_name\", \"print_width\": \"\"}, {\"print_hide\": 0, \"fieldname\": \"warehouse\", \"print_width\": \"\"}, {\"print_hide\": 0, \"fieldname\": \"qty\", \"print_width\": \"\"}, {\"print_hide\": 0, \"fieldname\": \"stock_qty\", \"print_width\": \"\"}, {\"print_hide\": 0, \"fieldname\": \"serial_no\", \"print_width\": \"\"}, {\"print_hide\": 0, \"fieldname\": \"batch_no\", \"print_width\": \"\"}], \"print_hide\": 0, \"fieldname\": \"locations\", \"label\": \"Item Locations\"}]",
  "html": null,
  "line_breaks": 1,
  "margin_bottom": 0.0,
  "margin_left": 0.0,
  "margin_right": 0.0,
  "margin_top": 0.0,
  "modified": "2019-08-30 15:58:27.807219",
  "module": "Stock",
  "name": "Pick List",
  "page_number": null,
  "pdf_generator": null,
  "print_format_builder": 1,
  "print_format_builder_beta": 0,
  "print_format_type": "Jinja",
  "raw_commands": null,
  "raw_printing": 0,
  "show_section_headings": 1,
  "standard": "Yes"
 },
 {
  "absolute_value": 0,
  "align_labels_right": 0,
  "css": null,
  "custom_format": 0,
  "default_print_language": null,
  "disabled": 1,
  "doc_type": "Purchase Invoice",
  "docstatus": 0,
  "doctype": "Print Format",
  "font": "Default",
  "font_size": 0,
  "format_data": "[{\"fieldname\": \"print_heading_template\", \"fieldtype\": \"Custom HTML\", \"options\": \"<div class=\\\"print-heading\\\">\\t\\t\\t\\t<h2>Purchase Invoice<br><small>{{ doc.name }}</small>\\t\\t\\t\\t</h2></div>\"}, {\"fieldtype\": \"Section Break\", \"label\": \"\"}, {\"fieldtype\": \"Column Break\"}, {\"fieldname\": \"_custom_html\", \"print_hide\": 0, \"label\": \"Custom HTML\", \"fieldtype\": \"HTML\", \"options\": \"<table border=\\\"1\\\" width=\\\"100%\\\">\\n<head>\\n<th>\\nCedente/prestatore (fornitore)\\n</th>\\n<th>\\nCessionario/committente (cliente)\\n</th>\\n</head>\\n<body>\\n<tr>\\n<td style=\\\"width: 50%;white-space:nowrap;\\\">\\n<p>Identificstivo fiscale ai fini IVA: {{frappe.db.get_value(\\\"Supplier\\\", doc.supplier, \\\"tax_id\\\")}}</p>\\n<p>Codice fiscale: {{frappe.db.get_value(\\\"Supplier\\\", doc.supplier, \\\"fiscal_code\\\")}}</p>\\n<p>Denominazione: {{frappe.db.get_value(\\\"Supplier\\\", doc.supplier, \\\"supplier_name\\\")}}</p>\\n<p>Regime fiscale: {{frappe.db.get_value(\\\"Supplier\\\", doc.supplier, \\\"fiscal_regime\\\")}}</p>\\n<p>Indrizo: {{frappe.db.get_value(\\\"Address\\\", doc.supplier_address, \\\"address_line1\\\")}}</p>\\n<p>Commune: {{frappe.db.get_value(\\\"Address\\\", doc.supplier_address, \\\"city\\\")}} Provincia: {{frappe.db.get_value(\\\"Address\\\", doc.supplier_address, \\\"state_code\\\")}}</p>\\n<p>Cap: {{(frappe.db.get_value(\\\"Address\\\", doc.supplier_address, \\\"pincode\\\")) or \\\" \\\"}} Nazione: {{frappe.db.get_value(\\\"Address\\\", doc.supplier_address, \\\"country\\\")}}</p>\\n</td>\\n<td style=\\\"width: 50%;white-space:nowrap;\\\">\\n<p>Identificstivo fiscale ai fini IVA: {{frappe.db.get_value(\\\"Company\\\", doc.company, \\\"tax_id\\\")}}</p>\\n<p>Codice fiscale: {{frappe.db.get_value(\\\"Company\\\", doc.company, \\\"fiscal_code\\\")}}</p>\\n<p>Denominazione: {{doc.company}}</p>\\n<p>Indrizo: {{frappe.db.get_value(\\\"Address\\\", doc.shipping_address, \\\"address_line1\\\")}}</p>\\n<p>Commune: {{frappe.db.get_value(\\\"Address\\\", doc.shipping_address, \\\"city\\\")}} Provincia: {{frappe.db.get_value(\\\"Address\\\", doc.shipping_address, \\\"state_code\\\")}}</p>\\n<p>Cap: {{frappe.db.get_value(\\\"Address\\\", doc.shipping_address, \\\"pincode\\\")}} Nazione: {{frappe.db.get_value(\\\"Address\\\", doc.shipping_address, \\\"country\\\")}}</p>\\n</td>\\n</td>\\n</tr>\\n</body>\\n</table>\\n<br>\"}, {\"fieldtype\": \"Section Break\", \"label\": \"\"}, {\"fieldtype\": \"Column Break\"}, {\"fieldname\": \"_custom_html\", \"print_hide\": 0, \"label\": \"Custom HTML\", \"fieldtype\": \"HTML\", \"options\": \"<table border=\\\"1\\\" width=\\\"100%\\\">\\n<head>\\n<th>\\nTipologla\\n</th>\\n<th>\\nArt. 73\\n</th>\\n<th>\\nNumero documento\\n</th>\\n<th>\\nData documento\\n</th>\\n<th>\\nCodice destinatario\\n</th>\\n</head>\\n<body>\\n<tr>\\n<td style=\\\"width: 20%;white-space:nowrap;\\\">\\n{{doc.document_type or \\\" \\\"}}\\n</td>\\n<td style=\\\"width: 10%;white-space:nowrap;\\\">\\n{{\\\" \\\"}}\\n</td>\\n<td style=\\\"width: 20%;white-space:nowrap;\\\">\\n{{doc.bill_no or \\\" \\\"}}\\n</td>\\n<td style=\\\"width: 20%;white-space:nowrap;\\\">\\n{{doc.get_formatted(\\\"bill_date\\\") or \\\" \\\"}}\\n</td>\\n<td style=\\\"width: 30%;white-space:nowrap;\\\">\\n{{doc.destination_code or \\\" \\\"}}\\n</td>\\n</tr>\\n</body>\\n</table>\\n<br>\"}, {\"fieldtype\": \"Section Break\", \"label\": \"\"}, {\"fieldtype\": \"Column Break\"}, {\"fieldname\": \"_custom_html\", \"print_hide\": 0, \"label\": \"Custom HTML\", \"fieldtype\": \"HTML\", \"options\": \"<table border=\\\"1\\\" width=\\\"100%\\\">\\n<head>\\n<th>\\nDescrizione\\n</th>\\n<th>\\nQuantita\\n</th>\\n<th>\\nPrezzo unitario\\n</th>\\n<th>\\nUM\\n</th>\\n<th>\\n%IVA\\n</th>\\n<th>\\nPrezzo totale\\n</th>\\n</head>\\n\\n<body>\\n{%- for row in doc.items -%}\\n<tr>\\n<td style=\\\"width: 30%;\\\">\\n{{row.description or \\\" \\\"}}\\n</td>\\n<td style=\\\"width: 15%;white-space:nowrap;\\\">\\n{{row.get_formatted(\\\"qty\\\", doc)}}\\n</td>\\n<td style=\\\"width: 15%;white-space:nowrap;\\\">\\n{{row.get_formatted(\\\"rate\\\", doc)}}\\n</td>\\n<td style=\\\"width: 5%;white-space:nowrap;\\\">\\n{{row.get_formatted(\\\"uom\\\", doc)}}\\n</td>\\n<td style=\\\"width: 15%;white-space:nowrap;\\\">\\n{{row.get_formatted(\\\"tax_rate\\\", doc)}}\\n</td>\\n<td style=\\\"width: 20%;white-space:nowrap;\\\">\\n{{row.get_formatted(\\\"amount\\\", doc)}}\\n</td>\\n{%- endfor -%}\\n</body>\\n</table>\\n<br>\"}, {\"fieldtype\": \"Section Break\", \"label\": \"\"}, {\"fieldtype\": \"Column Break\"}, {\"fieldname\": \"_custom_html\", \"print_hide\": 0, \"label\": \"Custom HTML\", \"fieldtype\": \"HTML\", \"options\": \"<table border=\\\"1\\\" width=\\\"100%\\\">\\n<head>\\n<th>\\nesigibilita immediata / riferimenti normativi\\n</th>\\n<th>\\n%IVA\\n</th>\\n<th>\\nSpese accessorie\\n</th>\\n<th>\\nArr.\\n</th>\\n<th>\\nTotale imponibile\\n</th>\\n<th>\\nTotale Imposta\\n</th>\\n</head>\\n\\n<body>\\n{%- for row in doc.taxes -%}\\n<tr>\\n<td style=\\\"width: 30%;white-space:nowrap;\\\">\\n{% if 'None' in row.description %}\\n    {{ \\\" \\\" }}\\n{% else %}\\n{{row.description}}\\n{% endif %}\\n</td>\\n<td style=\\\"width: 10%;white-space:nowrap;\\\">\\n{{row.get_formatted(\\\"tax_rate\\\", doc)}}\\n</td>\\n<td style=\\\"width: 10%;white-space:nowrap;\\\">\\n{{\\\"0,00\\\"}}\\n</td>\\n<td style=\\\"width: 10%;white-space:nowrap;\\\">\\n{{\\\" \\\"}}\\n</td>\\n<td style=\\\"width: 20%;white-space:nowrap;\\\">\\n{{doc.get_formatted(\\\"base_net_total\\\")}}\\n</td>\\n<td style=\\\"width: 20%;white-space:nowrap;\\\">\\n{{row.get_formatted(\\\"tax_amount\\\", doc)}}\\n</td>\\n{%- endfor -%}\\n</body>\\n</table>\\n<br>\"}, {\"fieldtype\": \"Section Break\", \"label\": \"\"}, {\"fieldtype\": \"Column Break\"}, {\"fieldname\": \"_custom_html\", \"print_hide\": 0, \"label\": \"Custom HTML\", \"fieldtype\": \"HTML\", \"options\": \"<table border=\\\"1\\\" width=\\\"100%\\\">\\n<head>\\n<th>\\nImporto bolio\\n</th>\\n<th>\\nSconto/Magglorazione\\n</th>\\n<th>\\nArr.\\n</th>\\n<th>\\nTotale documento\\n</th>\\n</head>\\n\\n<body>\\n<tr>\\n<td style=\\\"width: 20%;white-space:nowrap;\\\">\\n{{\\\" \\\"}}\\n</td>\\n<td style=\\\"width: 30%;white-space:nowrap;\\\">\\n{{\\\" \\\"}}\\n</td>\\n<td style=\\\"width: 10%;white-space:nowrap;\\\">\\n{{\\\" \\\"}}\\n</td>\\n<td style=\\\"width: 40%;white-space:nowrap;\\\">\\n{{doc.get_formatted(\\\"base_grand_total\\\")}}\\n</td>\\n</body>\\n</table>\\n<br>\"}, {\"fieldtype\": \"Section Break\", \"label\": \"\"}, {\"fieldtype\": \"Column Break\"}, {\"fieldname\": \"_custom_html\", \"print_hide\": 0, \"label\": \"Custom HTML\", \"fieldtype\": \"HTML\", \"options\": \"<table border=\\\"1\\\" width=\\\"100%\\\">\\n<head>\\n<th>\\nModalita pagamento\\n</th>\\n<th>\\nIBAN\\n</th>\\n<th>\\nInstituto\\n</th>\\n<th>\\nData scadenza\\n</th>\\n<th>\\nImporto\\n</th>\\n</head>\\n\\n<body>\\n{%- for row in doc.payment_schedule -%}\\n<tr>\\n<td style=\\\"width: 20%;white-space:nowrap;\\\">\\n{{row.get_formatted(\\\"mode_of_payment_code\\\",doc)}}\\n</td>\\n<td style=\\\"width: 20%;white-space:nowrap;\\\">\\n{{row.get_formatted(\\\"bank_account_iban\\\",doc)}}\\n</td>\\n<td style=\\\"width: 20%;white-space:nowrap;\\\">\\n{{\\\" \\\"}}\\n</td>\\n<td style=\\\"width: 20%;white-space:nowrap;\\\">\\n{{row.get_formatted(\\\"due_date\\\",doc)}}\\n</td>\\n<td style=\\\"width: 20%;white-space:nowrap;\\\">\\n{{row.get_formatted(\\\"payment_amount\\\",doc)}}\\n</td>\\n{%- endfor -%}\\n</body>\\n</table>\"}]",
  "html": null,
  "line_breaks": 0,
  "margin_bottom": 0.0,
  "margin_left": 0.0,
  "margin_right": 0.0,
  "margin_top": 0.0,
  "modified": "2019-10-16 23:32:37.709344",
  "module": "Regional",
  "name": "Purchase eInvoice",
  "page_number": null,
  "pdf_generator": null,
  "print_format_builder": 1,
  "print_format_builder_beta": 0,
  "print_format_type": "Jinja",
  "raw_commands": null,
  "raw_printing": 0,
  "show_section_headings": 0,
  "standard": "Yes"
 },
 {
  "absolute_value": 0,
  "align_labels_right": 0,
  "css": ".print-format th {\n    background-color: transparent !important;\n    border-bottom: 1px solid !important;\n    border-top: none !important;\n}\n.print-format .ql-editor {\n    padding-left: 0px;\n    padding-right: 0px;\n}\n\n.print-format table {\n    margin-bottom: 0px;\n    }\n.print-format .table-data tr:last-child { \n    border-bottom: 1px solid !important;\n}\n\n.print-format .table-inner tr:last-child {\n    border-bottom:none !important;\n}\n.print-format .table-inner {\n    margin: 0px 0px;\n}\n\n.print-format .table-data ul li { \n    color:#787878 !important;\n}\n\n.no-top-border {\n    border-top:none !important;\n}\n\n.table-inner td {\n    padding-left: 0px !important;    \n    padding-top: 1px !important;\n    padding-bottom: 1px !important;\n    color:#787878 !important;\n}\n\n.total {\n    background-color: lightgrey !important;\n    padding-top: 4px !important;\n    padding-bottom: 4px !important;\n}\n",
  "custom_format": 0,
  "default_print_language": "en",
  "disabled": 0,
  "doc_type": "Dunning",
  "docstatus": 0,
  "doctype": "Print Format",
  "font": "Arial",
  "font_size": 0,
  "format_data": "[{\"fieldname\": \"print_heading_template\", \"fieldtype\": \"Custom HTML\", \"options\": \"<div></div>\"}, {\"fieldtype\": \"Section Break\", \"label\": \"\"}, {\"fieldtype\": \"Column Break\"}, {\"fieldname\": \"_custom_html\", \"print_hide\": 0, \"label\": \"Custom HTML\", \"fieldtype\": \"HTML\", \"options\": \"<b>{{doc.customer_name}}</b> <br />\\n{{doc.address_display}}\"}, {\"fieldtype\": \"Column Break\"}, {\"fieldname\": \"_custom_html\", \"print_hide\": 0, \"label\": \"Custom HTML\", \"fieldtype\": \"HTML\", \"options\": \"<div style=\\\"text-align:left;\\\">\\n<div style=\\\"font-size:24px; text-transform:uppercase;\\\">{{_(doc.dunning_type)}}</div>\\n<div style=\\\"font-size:16px;padding-bottom:5px;\\\">{{ doc.name }}</div>\\n</div>\"}, {\"fieldname\": \"posting_date\", \"print_hide\": 0, \"label\": \"Date\"}, {\"fieldtype\": \"Section Break\", \"label\": \"\"}, {\"fieldtype\": \"Column Break\"}, {\"fieldname\": \"body_text\", \"print_hide\": 0, \"label\": \"Body Text\"}, {\"fieldtype\": \"Section Break\", \"label\": \"\"}, {\"fieldtype\": \"Column Break\"}, {\"fieldname\": \"overdue_payments\", \"print_hide\": 0, \"label\": \"Overdue Payments\", \"visible_columns\": [{\"fieldname\": \"sales_invoice\", \"print_width\": \"\", \"print_hide\": 0}, {\"fieldname\": \"dunning_level\", \"print_width\": \"\", \"print_hide\": 0}, {\"fieldname\": \"due_date\", \"print_width\": \"\", \"print_hide\": 0}, {\"fieldname\": \"overdue_days\", \"print_width\": \"\", \"print_hide\": 0}, {\"fieldname\": \"invoice_portion\", \"print_width\": \"\", \"print_hide\": 0}, {\"fieldname\": \"outstanding\", \"print_width\": \"\", \"print_hide\": 0}, {\"fieldname\": \"interest\", \"print_width\": \"\", \"print_hide\": 0}]}, {\"fieldtype\": \"Section Break\", \"label\": \"\"}, {\"fieldtype\": \"Column Break\"}, {\"fieldtype\": \"Column Break\"}, {\"fieldname\": \"total_outstanding\", \"print_hide\": 0, \"label\": \"Total Outstanding\"}, {\"fieldname\": \"dunning_fee\", \"print_hide\": 0, \"label\": \"Dunning Fee\"}, {\"fieldname\": \"total_interest\", \"print_hide\": 0, \"label\": \"Total Interest\"}, {\"fieldname\": \"grand_total\", \"print_hide\": 0, \"label\": \"Grand Total\"}, {\"fieldtype\": \"Section Break\", \"label\": \"\"}, {\"fieldtype\": \"Column Break\"}, {\"fieldname\": \"closing_text\", \"print_hide\": 0, \"label\": \"Closing Text\"}]",
  "html": null,
  "line_breaks": 0,
  "margin_bottom": 0.0,
  "margin_left": 0.0,
  "margin_right": 0.0,
  "margin_top": 0.0,
  "modified": "2021-09-30 10:22:02.603871",
  "module": "Accounts",
  "name": "Dunning Letter",
  "page_number": null,
  "pdf_generator": null,
  "print_format_builder": 0,
  "print_format_builder_beta": 0,
  "print_format_type": "Jinja",
  "raw_commands": null,
  "raw_printing": 0,
  "show_section_headings": 0,
  "standard": "Yes"
 },
 {
  "absolute_value": 0,
  "align_labels_right": 0,
  "css": null,
  "custom_format": 0,
  "default_print_language": "en",
  "disabled": 0,
  "doc_type": "Appointment Letter",
  "docstatus": 0,
  "doctype": "Print Format",
  "font": "Default",
  "font_size": 0,
  "format_data": null,
  "html": null,
  "line_breaks": 0,
  "margin_bottom": 0.0,
  "margin_left": 0.0,
  "margin_right": 0.0,
  "margin_top": 0.0,
  "modified": "2020-01-21 17:24:16.705082",
  "module": "HR",
  "name": "Standard Appointment Letter",
  "page_number": null,
  "pdf_generator": null,
  "print_format_builder": 0,
  "print_format_builder_beta": 0,
  "print_format_type": "Jinja",
  "raw_commands": null,
  "raw_printing": 0,
  "show_section_headings": 0,
  "standard": "Yes"
 },
 {
  "absolute_value": 0,
  "align_labels_right": 0,
  "css": null,
  "custom_format": 1,
  "default_print_language": "en",
  "disabled": 0,
  "doc_type": "POS Invoice",
  "docstatus": 0,
  "doctype": "Print Format",
  "font": "Default",
  "font_size": 0,
  "format_data": null,
  "html": "<style>\n\t.print-format table, .print-format tr, \n\t.print-format td, .print-format div, .print-format p {\n\t\tfont-family: Tahoma, sans-serif;\n\t\tline-height: 150%;\n\t\tvertical-align: middle;\n\t}\n\t@media screen {\n\t\t.print-format {\n\t\t\twidth: 4in;\n\t\t\tpadding: 0.25in;\n\t\t\tmin-height: 8in;\n\t\t}\n\t}\n</style>\n\n{% if letter_head %}\n    {{ letter_head }}\n{% endif %}\n\n<p class=\"text-center\" style=\"margin-bottom: 1rem\">\n\t{{ doc.company }}<br>\n\t{{ doc.select_print_heading or _(\"Return Invoice\") }}<br>\n</p>\n<p>\n\t<b>{{ _(\"Receipt No\") }}:</b> {{ doc.name }}<br>\n\t<b>{{ _(\"Original Invoice\") }}:</b> {{ doc.return_against }}<br>\n\t<b>{{ _(\"Date\") }}:</b> {{ doc.get_formatted(\"posting_date\") }}<br>\n\t<b>{{ _(\"Customer\") }}:</b> {{ doc.customer_name }}\n</p>\n\n<hr>\n<table class=\"table table-condensed cart no-border\">\n\t<thead>\n\t\t<tr>\n\t\t\t<th width=\"50%\">{{ _(\"Item\") }}</th>\n\t\t\t<th width=\"25%\" class=\"text-right\">{{ _(\"Qty\") }}</th>\n\t\t\t<th width=\"25%\" class=\"text-right\">{{ _(\"Amount\") }}</th>\n\t\t</tr>\n\t</thead>\n\t<tbody>\n\t\t{%- for item in doc.items -%}\n\t\t<tr>\n\t\t\t<td>\n\t\t\t\t{{ item.item_code }}\n\t\t\t\t{%- if item.item_name != item.item_code -%}\n\t\t\t\t\t<br>{{ item.item_name }}\n\t\t\t\t{%- endif -%}\n\t\t\t\t{%- if item.serial_no -%}\n\t\t\t\t\t<br><b>{{ _(\"SR.No\") }}:</b><br>\n\t\t\t\t\t{{ item.serial_no | replace(\"\\n\", \", \") }}\n\t\t\t\t{%- endif -%}\n\t\t\t</td>\n\t\t\t<td class=\"text-right\">{{ item.qty }}<br>@ {{ item.get_formatted(\"rate\") }}</td>\n\t\t\t<td class=\"text-right\">{{ item.get_formatted(\"amount\") }}</td>\n\t\t</tr>\n\t\t{%- endfor -%}\n\t</tbody>\n</table>\n<table class=\"table table-condensed no-border\">\n\t<tbody>\n\t\t<tr>\n\t\t\t{% if doc.flags.show_inclusive_tax_in_print %}\n\t\t\t\t<td class=\"text-right\" style=\"width: 70%\">\n\t\t\t\t\t{{ _(\"Total Excl. Tax\") }}\n\t\t\t\t</td>\n\t\t\t\t<td class=\"text-right\">\n\t\t\t\t\t{{ doc.get_formatted(\"net_total\", doc) }}\n\t\t\t\t</td>\n\t\t\t{% else %}\n\t\t\t\t<td class=\"text-right\" style=\"width: 70%\">\n\t\t\t\t\t{{ _(\"Total\") }}\n\t\t\t\t</td>\n\t\t\t\t<td class=\"text-right\">\n\t\t\t\t\t{{ doc.get_formatted(\"total\", doc) }}\n\t\t\t\t</td>\n\t\t\t{% endif %}\n\t\t</tr>\n\t\t{%- for row in doc.taxes -%}\n\t\t  {%- if not row.included_in_print_rate or doc.flags.show_inclusive_tax_in_print -%}\n\t\t\t<tr>\n\t\t\t\t<td class=\"text-right\" style=\"width: 70%\">\n\t\t\t\t    {% if '%' in row.description %}\n\t\t\t\t\t    {{ row.description }}\n\t\t\t\t\t{% else %}\n\t\t\t\t\t    {{ row.description }}@{{ row.rate }}%\n\t\t\t\t\t{% endif %}\n\t\t\t\t</td>\n\t\t\t\t<td class=\"text-right\">\n\t\t\t\t\t{{ row.get_formatted(\"tax_amount\", doc)}}\n\t\t\t\t</td>\n\t\t\t<tr>\n\t\t  {%- endif -%}\n\t\t{%- endfor -%}\n\n\t\t{%- if doc.discount_amount -%}\n\t\t<tr>\n\t\t\t<td class=\"text-right\" style=\"width: 75%\">\n\t\t\t\t{{ _(\"Discount\") }}\n\t\t\t</td>\n\t\t\t<td class=\"text-right\">\n\t\t\t\t{{ doc.get_formatted(\"discount_amount\") }}\n\t\t\t</td>\n\t\t</tr>\n\t\t{%- endif -%}\n\t\t<tr>\n\t\t\t<td class=\"text-right\" style=\"width: 75%\">\n\t\t\t\t<b>{{ _(\"Grand Total\") }}</b>\n\t\t\t</td>\n\t\t\t<td class=\"text-right\">\n\t\t\t\t{{ doc.get_formatted(\"grand_total\") }}\n\t\t\t</td>\n\t\t</tr>\n\t\t{%- if doc.rounded_total -%}\n\t\t<tr>\n\t\t\t<td class=\"text-right\" style=\"width: 75%\">\n\t\t\t\t<b>{{ _(\"Rounded Total\") }}</b>\n\t\t\t</td>\n\t\t\t<td class=\"text-right\">\n\t\t\t\t{{ doc.get_formatted(\"rounded_total\") }}\n\t\t\t</td>\n\t\t</tr>\n\t\t{%- endif -%}\n\t\t<tr>\n\t\t\t<td class=\"text-right\" style=\"width: 75%\">\n\t\t\t\t<b>{{ _(\"Paid Amount\") }}</b>\n\t\t\t</td>\n\t\t\t<td class=\"text-right\">\n\t\t\t\t{{ doc.get_formatted(\"paid_amount\") }}\n\t\t\t</td>\n\t\t</tr>\n\t\t{%- if doc.change_amount -%}\n\t\t\t<tr>\n\t\t\t\t<td class=\"text-right\" style=\"width: 75%\">\n\t\t\t\t\t<b>{{ _(\"Change Amount\") }}</b>\n\t\t\t\t</td>\n\t\t\t\t<td class=\"text-right\">\n\t\t\t\t\t{{ doc.get_formatted(\"change_amount\")}}\n\t\t\t\t</td>\n\t\t\t</tr>\n\t\t{%- endif -%}\n\t</tbody>\n</table>\n<hr>\n<p>{{ doc.terms or \"\" }}</p>\n<p class=\"text-center\">{{ _(\"Thank you, please visit again.\") }}</p>",
  "line_breaks": 0,
  "margin_bottom": 0.0,
  "margin_left": 0.0,
  "margin_right": 0.0,
  "margin_top": 0.0,
  "modified": "2020-05-14 17:13:29.354015",
  "module": "Selling",
  "name": "Return POS Invoice",
  "page_number": null,
  "pdf_generator": null,
  "print_format_builder": 0,
  "print_format_builder_beta": 0,
  "print_format_type": "Jinja",
  "raw_commands": null,
  "raw_printing": 0,
  "show_section_headings": 0,
  "standard": "Yes"
 },
 {
  "absolute_value": 0,
  "align_labels_right": 0,
  "css": "",
  "custom_format": 1,
  "default_print_language": "en",
  "disabled": 0,
  "doc_type": "Supplier",
  "docstatus": 0,
  "doctype": "Print Format",
  "font": "Default",
  "font_size": 0,
  "format_data": "[{\"fieldname\": \"print_heading_template\", \"fieldtype\": \"Custom HTML\", \"options\": \"<div class=\\\"print-heading\\\">\\t\\t\\t\\t<h2>TAX Invoice<br><small>{{ doc.name }}</small>\\t\\t\\t\\t</h2></div>\"}, {\"fieldtype\": \"Section Break\", \"label\": \"\"}, {\"fieldtype\": \"Column Break\"}, {\"print_hide\": 0, \"fieldname\": \"customer_name\", \"label\": \"Customer Name\"}, {\"print_hide\": 0, \"fieldname\": \"customer_name_in_arabic\", \"label\": \"Customer Name in Arabic\"}, {\"fieldtype\": \"Column Break\"}, {\"print_hide\": 0, \"fieldname\": \"posting_date\", \"label\": \"Date\"}, {\"fieldtype\": \"Section Break\", \"label\": \"Address\"}, {\"fieldtype\": \"Column Break\"}, {\"print_hide\": 0, \"fieldname\": \"company\", \"label\": \"Company\"}, {\"print_hide\": 0, \"fieldname\": \"company_trn\", \"label\": \"Company TRN\"}, {\"fieldtype\": \"Column Break\"}, {\"print_hide\": 0, \"fieldname\": \"company_address_display\", \"label\": \"Company Address\"}, {\"fieldtype\": \"Section Break\", \"label\": \"\"}, {\"fieldtype\": \"Column Break\"}, {\"visible_columns\": [{\"print_hide\": 0, \"fieldname\": \"item_code\", \"print_width\": \"\"}, {\"print_hide\": 0, \"fieldname\": \"description\", \"print_width\": \"200px\"}, {\"print_hide\": 0, \"fieldname\": \"uom\", \"print_width\": \"\"}, {\"print_hide\": 0, \"fieldname\": \"tax_code\", \"print_width\": \"\"}], \"print_hide\": 0, \"fieldname\": \"items\", \"label\": \"Items\"}, {\"fieldtype\": \"Section Break\", \"label\": \"\"}, {\"fieldtype\": \"Column Break\"}, {\"fieldtype\": \"Column Break\"}, {\"print_hide\": 0, \"fieldname\": \"total\", \"label\": \"Total\"}, {\"fieldtype\": \"Section Break\", \"label\": \"\"}, {\"fieldtype\": \"Column Break\"}, {\"visible_columns\": [{\"print_hide\": 0, \"fieldname\": \"charge_type\", \"print_width\": \"\"}, {\"print_hide\": 0, \"fieldname\": \"row_id\", \"print_width\": \"\"}, {\"print_hide\": 0, \"fieldname\": \"account_head\", \"print_width\": \"\"}, {\"print_hide\": 0, \"fieldname\": \"cost_center\", \"print_width\": \"\"}, {\"print_hide\": 0, \"fieldname\": \"description\", \"print_width\": \"300px\"}, {\"print_hide\": 0, \"fieldname\": \"rate\", \"print_width\": \"\"}, {\"print_hide\": 0, \"fieldname\": \"tax_amount\", \"print_width\": \"\"}, {\"print_hide\": 0, \"fieldname\": \"total\", \"print_width\": \"\"}, {\"print_hide\": 0, \"fieldname\": \"tax_amount_after_discount_amount\", \"print_width\": \"\"}, {\"print_hide\": 0, \"fieldname\": \"base_tax_amount\", \"print_width\": \"\"}, {\"print_hide\": 0, \"fieldname\": \"base_total\", \"print_width\": \"\"}, {\"print_hide\": 0, \"fieldname\": \"base_tax_amount_after_discount_amount\", \"print_width\": \"\"}, {\"print_hide\": 0, \"fieldname\": \"item_wise_tax_detail\", \"print_width\": \"\"}], \"print_hide\": 0, \"fieldname\": \"taxes\", \"label\": \"Sales Taxes and Charges\"}, {\"fieldtype\": \"Section Break\", \"label\": \"\"}, {\"fieldtype\": \"Column Break\"}, {\"fieldtype\": \"Column Break\"}, {\"print_hide\": 0, \"fieldname\": \"grand_total\", \"label\": \"Grand Total\"}, {\"print_hide\": 0, \"fieldname\": \"rounded_total\", \"label\": \"Rounded Total\"}, {\"print_hide\": 0, \"fieldname\": \"in_words\", \"align\": \"left\", \"label\": \"In Words\"}]",
  "html": "<div id=\"copy_a\" style=\"position: relative; top:0cm; width:17cm;height:28.0cm;\">\n  <table>\n    <tbody>\n      <tr style=\"height:12mm\">\n        <td class=\"tbs rbs lbs bbs\" style=\"width:86mm\" colspan=\"4\" ; rowspan=\"3\">PAYER'S name, street address,\n          city or town, state or province, country, ZIP<br>or foreign postal code, and telephone no.<br>\n          {{ company or \"\" }}<br>\n          {{ payer_street_address or \"\" }}\n        </td>\n        <td class=\"tbs rbs lbs bbs\" style=\"width:35mm\">1 Rents</td>\n        <td class=\"tbs rbs lbs bbs\" style=\"width:25mm\" rowspan=\"2\">OMB No. 1545-0115<br>\n          <yone>{{ fiscal_year[:2] }}</yone>\n          <ytwo>{{ fiscal_year[-2:] }}</ytwo><br>Form 1099-MISC\n        </td>\n        <td class=\"lbs bbs\" style=\"width:38mm\" colspan=\"2\" rowspan=\"2\">Miscellaneous Income</td>\n      </tr>\n      <tr style=\"height:12mm\">\n        <td class=\"tbs rbs lbs bbs\" style=\"width:35mm\">2 Royalties</td>\n      </tr>\n      <tr style=\"height:9mm\">\n        <td class=\"tbs rbs lbs bbs\">3 Other Income<br>{{ payments or \"\" }}</td>\n        <td class=\"tbs rbs lbs bbs\" colspan=\"2\">4 Federal Income tax withheld</td>\n        <td class=\"tbs lbs bbs\" style=\"width:29mm\" rowspan=\"2\">Copy A<br>For<br>Internal Revenue<br>Service\n          Center<br><br>File with Form 1096</td>\n      </tr>\n      <tr style=\"height:16mm\">\n        <td class=\"tbs rbs lbs bbs\" style=\"width:43mm\">PAYER'S TIN<br>{{ company_tin or \"\" }}</td>\n\n        <td class=\"tbs rbs lbs bbs\" colspan=\"3\">RECIPIENT'S TIN<br><br>{{ tax_id or \"None\" }}</td>\n        <td class=\"tbs rbs lbs bbs\">Fishing boat proceeds</td>\n        <td class=\"tbs rbs lbs bbs\" colspan=\"2\">6 Medical and health care payments</td>\n      </tr>\n      <tr style=\"height:12mm\">\n        <td class=\"tbs rbs lbs bbs\" colspan=\"4\">RECIPIENT'S name <br>{{ supplier or \"\" }}</td>\n        <td class=\"tbs rbs lbs bbs\">7 Nonemployee compensation<br>\n        </td>\n        <td class=\"tbs rbs lbs bbs\" colspan=\"2\">Substitute payments in lieu of dividends or interest</td>\n        <td class=\"tbs lbs bbs\" rowspan=\"6\">For Privacy Act<br>and Paperwork<br>Reduction Act<br>Notice, see\n          the<br>2018 General<br>Instructions for<br>Certain<br>Information<br>Returns.</td>\n      </tr>\n      <tr style=\"height:6mm\">\n        <td class=\"tbs rbs lbs bbs\" colspan=\"4\" rowspan=\"2\">Street address (including apt. no.)<br>\n          {{ recipient_street_address or \"\" }}\n        </td>\n        <td class=\"tbs rbs lbs bbs\">$___________</td>\n        <td class=\"tbs rbs lbs bbs\" colspan=\"2\">$___________</td>\n      </tr>\n      <tr style=\"height:7mm\">\n        <td class=\"tbs rbs lbs bbs\" rowspan=\"2\">9 Payer made direct sales of<br>$5,000 or more of consumer\n          products<br>to a buyer<br>(recipient) for resale</td>\n        <td class=\"tbs rbs lbs\" colspan=\"2\">10 Crop insurance proceeds</td>\n      </tr>\n      <tr style=\"height:5mm\">\n        <td class=\"tbs rbs lbs bbs\" colspan=\"4\" rowspan=\"2\">City or town, state or province, country, and ZIP or\n          foreign postal code<br>\n          {{ recipient_city_state or \"\" }}\n        </td>\n        <td style=\"vertical-align:bottom\" class=\" rbs lbs bbs\" colspan=\"2\">$___________</td>\n      </tr>\n      <tr style=\"height:9mm\">\n        <td class=\"tbs rbs lbs bbs\">11</td>\n        <td class=\"tbs rbs lbs bbs\" colspan=2>12</td>\n      </tr>\n      <tr style=\"height:13mm\">\n        <td class=\"tbs rbs lbs bbs\" colspan=\"2\">Account number (see instructions)</td>\n        <td class=\"tbs rbs lbs bbs\" style=\"width:16mm\">FACTA filing<br>requirement</td>\n        <td class=\"tbs rbs lbs bbs\" style=\"width:14mm\">2nd TIN not.</td>\n        <td class=\"tbs rbs lbs bbs\">13 Excess golden parachute payments<br>$___________</td>\n        <td class=\"tbs rbs lbs bbs\" colspan=\"2\">14 Gross proceeds paid to an<br>attorney<br>$___________</td>\n      </tr>\n      <tr style=\"height:12mm\">\n        <td class=\"tbs rbs lbs \">15a Section 409A deferrals</td>\n        <td class=\"tbs rbs lbs \" colspan=\"3\">15b Section 409 income</td>\n        <td class=\"tbs rbs lbs \">16 State tax withheld</td>\n        <td class=\"tbs rbs lbs \" colspan=\"2\">17 State/Payer's state no.</td>\n        <td class=\"tbs lbs\">18 State income</td>\n      </tr>\n      <tr>\n        <td class=\"lbs rbs bbs\">$</td>\n        <td class=\"lbs rbs bbs\" colspan=\"3\">$</td>\n        <td class=\"lbs rbs bbs tbd\">$</td>\n        <td class=\"lbs rbs bbs tbd\" colspan=\"2\"></td>\n        <td class=\"lbs bbs tbd\">$</td>\n      </tr>\n\n      <tr style=\"height:8mm\">\n        <td class=\"tbs\" colspan=\"8\">Form 1099-MISC Cat. No. 14425J www.irs.gov/Form1099MISC Department of the\n          Treasury - Internal Revenue Service</td>\n      </tr>\n\n    </tbody>\n  </table>\n</div>\n<div id=\"copy_1\" style=\"position: relative; top:0cm; width:17cm;height:28.0cm;\">\n  <table>\n    <tbody>\n      <tr style=\"height:12mm\">\n        <td class=\"tbs rbs lbs bbs\" style=\"width:86mm\" colspan=\"4\" ; rowspan=\"3\">PAYER'S name, street address,\n          city or town, state or province, country, ZIP<br>or foreign postal code, and telephone no.<br>\n          {{ company or \"\"}}<b r>\n          {{ payer_street_address or \"\" }}\n        </td>\n        <td class=\"tbs rbs lbs bbs\" style=\"width:35mm\">1 Rents</td>\n        <td class=\"tbs rbs lbs bbs\" style=\"width:25mm\" rowspan=\"2\">OMB No. 1545-0115<br>\n          <yone>{{ fiscal_year[:2] }}</yone>\n          <ytwo>{{ fiscal_year[-2:] }}</ytwo><br>Form 1099-MISC\n        </td>\n        <td class=\"lbs bbs\" style=\"width:38mm\" colspan=\"2\" rowspan=\"2\">Miscellaneous Income</td>\n      </tr>\n      <tr style=\"height:12mm\">\n        <td class=\"tbs rbs lbs bbs\" style=\"width:35mm\">2 Royalties</td>\n      </tr>\n      <tr style=\"height:9mm\">\n        <td class=\"tbs rbs lbs bbs\">3 Other Income<br>\n          {{ payments or \"\" }}\n        </td>\n        <td class=\"tbs rbs lbs bbs\" colspan=\"2\">4 Federal Income tax withheld</td>\n        <td class=\"tbs lbs bbs\" style=\"width:29mm\" rowspan=\"2\">Copy 1<br>For State Tax<br>Department</td>\n      </tr>\n      <tr style=\"height:16mm\">\n        <td class=\"tbs rbs lbs bbs\" style=\"width:43mm\">PAYER'S TIN<br>\n          {{ company_tin or \"\" }}\n        </td>\n        <td class=\"tbs rbs lbs bbs\" colspan=\"3\">RECIPIENT'S TIN<br>\n          {{ tax_id or \"\" }}\n        </td>\n        <td class=\"tbs rbs lbs bbs\">Fishing boat proceeds</td>\n        <td class=\"tbs rbs lbs bbs\" colspan=\"2\">6 Medical and health care payments</td>\n      </tr>\n      <tr style=\"height:12mm\">\n        <td class=\"tbs rbs lbs bbs\" colspan=\"4\">RECIPIENT'S name</td>\n        {{ supplier or \"\" }}\n        <td class=\"tbs rbs lbs bbs\">7 Nonemployee compensation<br>\n        </td>\n        <td class=\"tbs rbs lbs bbs\" colspan=\"2\">Substitute payments in lieu of dividends or interest</td>\n        <td class=\"tbs lbs bbs\" rowspan=\"6\"></td>\n      </tr>\n      <tr style=\"height:6mm\">\n        <td class=\"tbs rbs lbs bbs\" colspan=\"4\" rowspan=\"2\">Street address (including apt. no.)<br>\n          {{ recipient_street_address or \"\" }}\n        </td>\n        <td class=\"tbs rbs lbs bbs\">$___________</td>\n        <td class=\"tbs rbs lbs bbs\" colspan=\"2\">$___________</td>\n      </tr>\n      <tr style=\"height:7mm\">\n        <td class=\"tbs rbs lbs bbs\" rowspan=\"2\">9 Payer made direct sales of<br>$5,000 or more of consumer\n          products<br>to a buyer<br>(recipient) for resale</td>\n        <td class=\"tbs rbs lbs\" colspan=\"2\">10 Crop insurance proceeds</td>\n      </tr>\n      <tr style=\"height:5mm\">\n        <td class=\"tbs rbs lbs bbs\" colspan=\"4\" rowspan=\"2\">City or town, state or province, country, and ZIP or\n          foreign postal code<br>\n          {{ recipient_city_state or \"\" }}\n        </td>\n        <td style=\"vertical-align:bottom\" class=\" rbs lbs bbs\" colspan=\"2\">$___________</td>\n      </tr>\n      <tr style=\"height:9mm\">\n        <td class=\"tbs rbs lbs bbs\">11</td>\n        <td class=\"tbs rbs lbs bbs\" colspan=2>12</td>\n      </tr>\n      <tr style=\"height:13mm\">\n        <td class=\"tbs rbs lbs bbs\" colspan=\"2\">Account number (see instructions)</td>\n        <td class=\"tbs rbs lbs bbs\" style=\"width:16mm\">FACTA filing<br>requirement</td>\n        <td class=\"tbs rbs lbs bbs\" style=\"width:14mm\">2nd TIN not.</td>\n        <td class=\"tbs rbs lbs bbs\">13 Excess golden parachute payments<br>$___________</td>\n        <td class=\"tbs rbs lbs bbs\" colspan=\"2\">14 Gross proceeds paid to an<br>attorney<br>$___________</td>\n      </tr>\n      <tr style=\"height:12mm\">\n        <td class=\"tbs rbs lbs \">15a Section 409A deferrals</td>\n        <td class=\"tbs rbs lbs \" colspan=\"3\">15b Section 409 income</td>\n        <td class=\"tbs rbs lbs \">16 State tax withheld</td>\n        <td class=\"tbs rbs lbs \" colspan=\"2\">17 State/Payer's state no.</td>\n        <td class=\"tbs lbs\">18 State income</td>\n      </tr>\n      <tr>\n        <td class=\"lbs rbs bbs\">$</td>\n        <td class=\"lbs rbs bbs\" colspan=\"3\">$</td>\n        <td class=\"lbs rbs bbs tbd\">$</td>\n        <td class=\"lbs rbs bbs tbd\" colspan=\"2\"></td>\n        <td class=\"lbs bbs tbd\">$</td>\n      </tr>\n\n      <tr style=\"height:8mm\">\n        <td class=\"tbs\" colspan=\"8\">Form 1099-MISC Cat. No. 14425J www.irs.gov/Form1099MISC Department of the\n          Treasury - Internal Revenue Service</td>\n      </tr>\n\n    </tbody>\n  </table>\n</div>\n<style>\n  body {\n    font-family: 'Helvetica', sans-serif;\n    font-size: 5.66pt;\n  }\n\n  yone {\n    font-family: 'Helvetica', sans-serif;\n    font-size: 14pt;\n    color: black;\n    -webkit-text-fill-color: white;\n    /* Will override color (regardless of order) */\n    -webkit-text-stroke-width: 1px;\n    -webkit-text-stroke-color: black;\n  }\n\n  ytwo {\n    font-family: 'Helvetica', sans-serif;\n    font-size: 14pt;\n    color: black;\n    -webkit-text-stroke-width: 1px;\n    -webkit-text-stroke-color: black;\n  }\n\n  table,\n  th,\n  td {\n    font-family: 'Helvetica', sans-serif;\n    font-size: 5.66pt;\n    border: none;\n  }\n\n  .tbs {\n    border-top: 1px solid black;\n  }\n\n  .bbs {\n    border-bottom: 1px solid black;\n  }\n\n  .lbs {\n    border-left: 1px solid black;\n  }\n\n  .rbs {\n    border-right: 1px solid black;\n  }\n\n  .allBorder {\n    border-top: 1px solid black;\n    border-right: 1px solid black;\n    border-left: 1px solid black;\n    border-bottom: 1px solid black;\n  }\n\n  .bottomBorderOnlyDashed {\n    border-bottom: 1px dashed black;\n  }\n\n  .tbd {\n    border-top: 1px dashed black;\n  }\n\n  .address {\n    vertical-align: bottom;\n  }\n</style>",
  "line_breaks": 0,
  "margin_bottom": 0.0,
  "margin_left": 0.0,
  "margin_right": 0.0,
  "margin_top": 0.0,
  "modified": "2021-01-19 07:25:16.333666",
  "module": "Regional",
  "name": "IRS 1099 Form",
  "page_number": null,
  "pdf_generator": null,
  "print_format_builder": 1,
  "print_format_builder_beta": 0,
  "print_format_type": "Jinja",
  "raw_commands": null,
  "raw_printing": 0,
  "show_section_headings": 0,
  "standard": "No"
 },
 {
  "absolute_value": 0,
  "align_labels_right": 0,
  "css": null,
  "custom_format": 0,
  "default_print_language": "en",
  "disabled": 0,
  "doc_type": "Salary Slip",
  "docstatus": 0,
  "doctype": "Print Format",
  "font": "Default",
  "font_size": 0,
  "format_data": "[{\"fieldname\": \"print_heading_template\", \"fieldtype\": \"Custom HTML\", \"options\": \"   <h3 style=\\\"text-align: right;\\\"><span style=\\\"line-height: 1.42857;\\\">{{doc.name}}</span></h3>\\n<div>\\n    <hr style=\\\"text-align: center;\\\">\\n</div>   \"}, {\"fieldtype\": \"Section Break\", \"label\": \"\"}, {\"fieldtype\": \"Column Break\"}, {\"fieldname\": \"employee\", \"print_hide\": 0, \"label\": \"Employee\"}, {\"fieldname\": \"company\", \"print_hide\": 0, \"label\": \"Company\"}, {\"fieldname\": \"employee_name\", \"print_hide\": 0, \"label\": \"Employee Name\"}, {\"fieldname\": \"department\", \"print_hide\": 0, \"label\": \"Department\"}, {\"fieldname\": \"designation\", \"print_hide\": 0, \"label\": \"Designation\"}, {\"fieldname\": \"branch\", \"print_hide\": 0, \"label\": \"Branch\"}, {\"fieldtype\": \"Column Break\"}, {\"fieldname\": \"start_date\", \"print_hide\": 0, \"label\": \"Start Date\"}, {\"fieldname\": \"end_date\", \"print_hide\": 0, \"label\": \"End Date\"}, {\"fieldname\": \"total_working_days\", \"print_hide\": 0, \"label\": \"Working Days\"}, {\"fieldname\": \"leave_without_pay\", \"print_hide\": 0, \"label\": \"Leave Without Pay\"}, {\"fieldname\": \"payment_days\", \"print_hide\": 0, \"label\": \"Payment Days\"}, {\"fieldtype\": \"Section Break\", \"label\": \"\"}, {\"fieldtype\": \"Column Break\"}, {\"fieldname\": \"earnings\", \"print_hide\": 0, \"label\": \"Earnings\", \"visible_columns\": [{\"fieldname\": \"salary_component\", \"print_width\": \"\", \"print_hide\": 0}, {\"fieldname\": \"amount\", \"print_width\": \"\", \"print_hide\": 0}, {\"fieldname\": \"year_to_date\", \"print_width\": \"\", \"print_hide\": 0}]}, {\"fieldtype\": \"Column Break\"}, {\"fieldname\": \"deductions\", \"print_hide\": 0, \"label\": \"Deductions\", \"visible_columns\": [{\"fieldname\": \"salary_component\", \"print_width\": \"\", \"print_hide\": 0}, {\"fieldname\": \"amount\", \"print_width\": \"\", \"print_hide\": 0}, {\"fieldname\": \"year_to_date\", \"print_width\": \"\", \"print_hide\": 0}, {\"fieldname\": \"depends_on_payment_days\", \"print_width\": \"\", \"print_hide\": 0}]}, {\"fieldtype\": \"Section Break\", \"label\": \"\"}, {\"fieldtype\": \"Column Break\"}, {\"fieldtype\": \"Column Break\"}, {\"fieldname\": \"gross_pay\", \"print_hide\": 0, \"label\": \"Gross Pay\"}, {\"fieldname\": \"total_deduction\", \"print_hide\": 0, \"label\": \"Total Deduction\"}, {\"fieldname\": \"net_pay\", \"print_hide\": 0, \"label\": \"Net Pay\"}, {\"fieldname\": \"rounded_total\", \"print_hide\": 0, \"label\": \"Rounded Total\"}, {\"fieldname\": \"total_in_words\", \"print_hide\": 0, \"label\": \"Total in words\"}, {\"fieldtype\": \"Section Break\", \"label\": \"net pay info\"}, {\"fieldtype\": \"Column Break\"}, {\"fieldtype\": \"Column Break\"}, {\"fieldname\": \"year_to_date\", \"print_hide\": 0, \"label\": \"Year To Date\"}, {\"fieldname\": \"month_to_date\", \"print_hide\": 0, \"label\": \"Month To Date\"}]",
  "html": null,
  "line_breaks": 0,
  "margin_bottom": 0.0,
  "margin_left": 0.0,
  "margin_right": 0.0,
  "margin_top": 0.0,
  "modified": "2021-01-14 10:03:45.283725",
  "module": "Payroll",
  "name": "Salary Slip with Year to Date",
  "page_number": null,
  "pdf_generator": null,
  "print_format_builder": 0,
  "print_format_builder_beta": 0,
  "print_format_type": "Jinja",
  "raw_commands": null,
  "raw_printing": 0,
  "show_section_headings": 0,
  "standard": "Yes"
 },
 {
  "absolute_value": 0,
  "align_labels_right": 0,
  "css": null,
  "custom_format": 0,
  "default_print_language": null,
  "disabled": 0,
  "doc_type": "Purchase Receipt",
  "docstatus": 0,
  "doctype": "Print Format",
  "font": null,
  "font_size": 14,
  "format_data": "[{\"fieldname\": \"print_heading_template\", \"fieldtype\": \"Custom HTML\", \"options\": \"<div class=\\\"print-heading\\\">\\t\\t\\t\\t<h2><div>Purchase Receipt</div><br><small class=\\\"sub-heading\\\">{{ doc.name }}</small>\\t\\t\\t\\t</h2></div>\"}, {\"fieldtype\": \"Section Break\", \"label\": \"\"}, {\"fieldtype\": \"Column Break\"}, {\"fieldname\": \"supplier_name\", \"print_hide\": 0, \"label\": \"Supplier Name\"}, {\"fieldname\": \"supplier_delivery_note\", \"print_hide\": 0, \"label\": \"Supplier Delivery Note\"}, {\"fieldname\": \"rack\", \"print_hide\": 0, \"label\": \"Rack\"}, {\"fieldtype\": \"Column Break\"}, {\"fieldname\": \"posting_date\", \"print_hide\": 0, \"label\": \"Date\"}, {\"fieldtype\": \"Column Break\"}, {\"fieldname\": \"apply_putaway_rule\", \"print_hide\": 0, \"label\": \"Apply Putaway Rule\"}, {\"fieldtype\": \"Section Break\", \"label\": \"Accounting Dimensions\"}, {\"fieldtype\": \"Column Break\"}, {\"fieldname\": \"region\", \"print_hide\": 0, \"label\": \"Region\"}, {\"fieldname\": \"function\", \"print_hide\": 0, \"label\": \"Function\"}, {\"fieldname\": \"depot\", \"print_hide\": 0, \"label\": \"Depot\"}, {\"fieldname\": \"cost_center\", \"print_hide\": 0, \"label\": \"Cost Center\"}, {\"fieldtype\": \"Column Break\"}, {\"fieldname\": \"location\", \"print_hide\": 0, \"label\": \"Location\"}, {\"fieldname\": \"country\", \"print_hide\": 0, \"label\": \"Country\"}, {\"fieldname\": \"project\", \"print_hide\": 0, \"label\": \"Project\"}, {\"fieldtype\": \"Section Break\", \"label\": \"Items\"}, {\"fieldtype\": \"Column Break\"}, {\"fieldname\": \"scan_barcode\", \"print_hide\": 0, \"label\": \"Scan Barcode\"}, {\"fieldtype\": \"Column Break\"}, {\"fieldname\": \"set_from_warehouse\", \"print_hide\": 0, \"label\": \"Set From Warehouse\"}, {\"fieldtype\": \"Column Break\"}, {\"fieldtype\": \"Section Break\", \"label\": \"\"}, {\"fieldtype\": \"Column Break\"}, {\"fieldname\": \"_custom_html\", \"print_hide\": 0, \"label\": \"Custom HTML\", \"fieldtype\": \"HTML\", \"options\": \"<table class=\\\"table table-bordered\\\">\\n\\t<tbody>\\n\\t\\t<tr>\\n\\t\\t\\t<th>Sr</th>\\n\\t\\t\\t<th>Item Name</th>\\n\\t\\t\\t<th>Description</th>\\n\\t\\t\\t<th class=\\\"text-right\\\">Qty</th>\\n\\t\\t\\t<th class=\\\"text-right\\\">Rate</th>\\n\\t\\t\\t<th class=\\\"text-right\\\">Amount</th>\\n\\t\\t</tr>\\n\\t\\t{%- for row in doc.items -%}\\n\\t\\t<tr>\\n\\t\\t    {% set bundle_data = get_serial_or_batch_nos(row.serial_and_batch_bundle) %}\\n\\t\\t    {% set serial_nos = [] %}\\n            {% set batches = {} %}\\n\\n\\t\\t\\t<td style=\\\"width: 4%;\\\">{{ row.idx }}</td>\\n\\t\\t\\t<td style=\\\"width: 20%;\\\">\\n\\t\\t\\t\\t{{ row.item_name }}\\n\\t\\t\\t\\t{% if row.item_code != row.item_name -%}\\n\\t\\t\\t\\t<br>Item Code: {{ row.item_code}}\\n\\t\\t\\t\\t{%- endif %}\\n\\t\\t\\t</td>\\n\\t\\t\\t<td style=\\\"width: 30%;\\\">\\n\\t\\t\\t\\t<div style=\\\"border: 0px;\\\">{{ row.description }}</div></td>\\n\\t\\t\\t<td style=\\\"width: 10%; text-align: right;\\\">{{ row.qty }} {{ row.uom or row.stock_uom }}</td>\\n\\t\\t\\t<td style=\\\"width: 18%; text-align: right;\\\">{{\\n\\t\\t\\t\\trow.get_formatted(\\\"rate\\\", doc) }}</td>\\n\\t\\t\\t<td style=\\\"width: 18%; text-align: right;\\\">{{\\n\\t\\t\\t\\trow.get_formatted(\\\"amount\\\", doc) }}</td>\\n\\t\\t\\t\\n\\t\\t</tr>\\n\\t\\t{%- endfor -%}\\n\\t</tbody>\\n</table>\\n\"}, {\"fieldtype\": \"Section Break\", \"label\": \"\"}, {\"fieldtype\": \"Column Break\"}, {\"fieldname\": \"total_qty\", \"print_hide\": 0, \"label\": \"Total Quantity\"}, {\"fieldtype\": \"Column Break\"}, {\"fieldname\": \"total\", \"print_hide\": 0, \"label\": \"Total\"}, {\"fieldtype\": \"Section Break\", \"label\": \"\"}, {\"fieldtype\": \"Column Break\"}, {\"fieldname\": \"taxes\", \"print_hide\": 0, \"label\": \"Purchase Taxes and Charges\", \"visible_columns\": [{\"fieldname\": \"category\", \"print_width\": \"\", \"print_hide\": 0}, {\"fieldname\": \"add_deduct_tax\", \"print_width\": \"\", \"print_hide\": 0}, {\"fieldname\": \"charge_type\", \"print_width\": \"\", \"print_hide\": 0}, {\"fieldname\": \"row_id\", \"print_width\": \"\", \"print_hide\": 0}, {\"fieldname\": \"included_in_print_rate\", \"print_width\": \"\", \"print_hide\": 0}, {\"fieldname\": \"included_in_paid_amount\", \"print_width\": \"\", \"print_hide\": 0}, {\"fieldname\": \"account_head\", \"print_width\": \"\", \"print_hide\": 0}, {\"fieldname\": \"description\", \"print_width\": \"300px\", \"print_hide\": 0}, {\"fieldname\": \"rate\", \"print_width\": \"\", \"print_hide\": 0}, {\"fieldname\": \"region\", \"print_width\": \"\", \"print_hide\": 0}, {\"fieldname\": \"function\", \"print_width\": \"\", \"print_hide\": 0}, {\"fieldname\": \"location\", \"print_width\": \"\", \"print_hide\": 0}, {\"fieldname\": \"cost_center\", \"print_width\": \"\", \"print_hide\": 0}, {\"fieldname\": \"depot\", \"print_width\": \"\", \"print_hide\": 0}, {\"fieldname\": \"country\", \"print_width\": \"\", \"print_hide\": 0}, {\"fieldname\": \"account_currency\", \"print_width\": \"\", \"print_hide\": 0}, {\"fieldname\": \"tax_amount\", \"print_width\": \"\", \"print_hide\": 0}, {\"fieldname\": \"total\", \"print_width\": \"\", \"print_hide\": 0}]}, {\"fieldtype\": \"Section Break\", \"label\": \"Totals\"}, {\"fieldtype\": \"Column Break\"}, {\"fieldtype\": \"Column Break\"}, {\"fieldname\": \"grand_total\", \"print_hide\": 0, \"label\": \"Grand Total\"}, {\"fieldname\": \"rounded_total\", \"print_hide\": 0, \"label\": \"Rounded Total\"}, {\"fieldname\": \"in_words\", \"print_hide\": 0, \"label\": \"In Words\"}, {\"fieldname\": \"disable_rounded_total\", \"print_hide\": 0, \"label\": \"Disable Rounded Total\"}, {\"fieldtype\": \"Section Break\", \"label\": \"Supplier Address\"}, {\"fieldtype\": \"Column Break\"}, {\"fieldname\": \"address_display\", \"print_hide\": 0, \"label\": \"Address\"}, {\"fieldtype\": \"Column Break\"}, {\"fieldname\": \"contact_display\", \"print_hide\": 0, \"label\": \"Contact\"}, {\"fieldname\": \"contact_mobile\", \"print_hide\": 0, \"label\": \"Mobile No\"}, {\"fieldtype\": \"Section Break\", \"label\": \"Company Billing Address\"}, {\"fieldtype\": \"Column Break\"}, {\"fieldname\": \"billing_address\", \"print_hide\": 0, \"label\": \"Billing Address\"}, {\"fieldtype\": \"Column Break\"}, {\"fieldname\": \"billing_address_display\", \"print_hide\": 0, \"label\": \"Billing Address\"}, {\"fieldname\": \"terms\", \"print_hide\": 0, \"label\": \"Terms and Conditions\"}, {\"fieldtype\": \"Section Break\", \"label\": \"\"}, {\"fieldtype\": \"Column Break\"}, {\"fieldname\": \"_custom_html\", \"print_hide\": 0, \"label\": \"Custom HTML\", \"fieldtype\": \"HTML\", \"options\": \"<table class=\\\"table table-bordered\\\">\\n\\t<tbody>\\n\\t\\t<tr>\\n\\t\\t\\t<th>Sr</th>\\n\\t\\t\\t<th>Item Name</th>\\n\\t\\t\\t<th>Qty</th>\\n\\t\\t\\t<th class=\\\"text-left\\\">Serial Nos</th>\\n\\t\\t\\t<th class=\\\"text-left\\\">Batch Nos (Qty)</th>\\n\\t\\t</tr>\\n\\t\\t{%- for row in doc.items -%}\\n\\t\\t<tr>\\n\\t\\t    {% set bundle_data = frappe.get_all(\\\"Serial and Batch Entry\\\", \\n\\t\\t        fields=[\\\"serial_no\\\", \\\"batch_no\\\", \\\"qty\\\"], \\n\\t\\t        filters={\\\"parent\\\": row.serial_and_batch_bundle}) %}\\n\\t\\t    {% set serial_nos = [] %}\\n            {% set batches = {} %}\\n            \\n            {% if bundle_data %}\\n\\t\\t\\t    {% for data in bundle_data %}\\n\\t\\t\\t        {% if data.serial_no %}\\n\\t\\t\\t            {{ serial_nos.append(data.serial_no) or \\\"\\\" }}\\n\\t\\t\\t        {% endif %}\\n\\t\\t\\t        \\n\\t\\t\\t        {% if data.batch_no %}\\n\\t\\t\\t            {{ batches.update({data.batch_no: data.qty}) or \\\"\\\" }}\\n\\t\\t\\t        {% endif %}\\n\\t\\t\\t    {% endfor %}\\n\\t\\t\\t{% endif %}\\n\\n\\t\\t\\t<td style=\\\"width: 3%;\\\">{{ row.idx }}</td>\\n\\t\\t\\t<td style=\\\"width: 20%;\\\">\\n\\t\\t\\t\\t{{ row.item_name }}\\n\\t\\t\\t\\t{% if row.item_code != row.item_name -%}\\n\\t\\t\\t\\t<br>Item Code: {{ row.item_code}}\\n\\t\\t\\t\\t{%- endif %}\\n\\t\\t\\t</td>\\n\\t\\t\\t<td style=\\\"width: 10%; text-align: right;\\\">{{ row.qty }} {{ row.uom or row.stock_uom }}</td>\\n\\t\\t\\t\\n\\t\\t\\t<td style=\\\"width: 30%; text-align: left;\\\">{{ serial_nos|join(',') }}</td>\\n\\t\\t\\t<td style=\\\"width: 30%;\\\">\\n\\t\\t\\t    {% if batches %}\\n                    {% for batch_no, qty in batches.items() %}\\n                        <p> {{batch_no}} : {{qty}} {{ row.uom or row.stock_uom }} </p>\\n                    {% endfor %}\\n                {% endif %}\\n\\t\\t\\t</td>\\n\\t\\t\\t\\n\\t\\t</tr>\\n\\t\\t{%- endfor -%}\\n\\t</tbody>\\n</table>\\n\"}]",
  "html": null,
  "line_breaks": 0,
  "margin_bottom": 15.0,
  "margin_left": 15.0,
  "margin_right": 15.0,
  "margin_top": 15.0,
  "modified": "2023-06-26 14:51:20.609682",
  "module": "Stock",
  "name": "Purchase Receipt Serial and Batch Bundle Print",
  "page_number": "Hide",
  "pdf_generator": null,
  "print_format_builder": 1,
  "print_format_builder_beta": 0,
  "print_format_type": "Jinja",
  "raw_commands": null,
  "raw_printing": 0,
  "show_section_headings": 0,
  "standard": "Yes"
 },
 {
  "absolute_value": 0,
  "align_labels_right": 0,
  "css": "",
  "custom_format": 0,
  "default_print_language": "en",
  "disabled": 0,
  "doc_type": "Sales Invoice",
  "docstatus": 0,
  "doctype": "Print Format",
  "font": "",
  "font_size": 14,
  "format_data": null,
  "html": null,
  "line_breaks": 0,
  "margin_bottom": 0.0,
  "margin_left": 0.0,
  "margin_right": 0.0,
  "margin_top": 0.0,
  "modified": "2025-01-22 16:23:51.012200",
  "module": "Accounts",
  "name": "Sales Invoice Print",
  "page_number": "Hide",
  "pdf_generator": null,
  "print_format_builder": 0,
  "print_format_builder_beta": 0,
  "print_format_type": "Jinja",
  "raw_commands": null,
  "raw_printing": 0,
  "show_section_headings": 0,
  "standard": "Yes"
 },
 {
  "absolute_value": 0,
  "align_labels_right": 0,
  "css": null,
  "custom_format": 1,
  "default_print_language": null,
  "disabled": 0,
  "doc_type": "POS Invoice",
  "docstatus": 0,
  "doctype": "Print Format",
  "font": null,
  "font_size": 0,
  "format_data": null,
  "html": "<style>\n\t.print-format table, .print-format tr, \n\t.print-format td, .print-format div, .print-format p {\n\t\tline-height: 150%;\n\t\tvertical-align: middle;\n\t}\n\t@media screen {\n\t\t.print-format {\n\t\t\twidth: 4in;\n\t\t\tpadding: 0.25in;\n\t\t\tmin-height: 8in;\n\t\t}\n\t}\n</style>\n\n{% if letter_head %}\n    {{ letter_head }}\n{% endif %}\n\n<p class=\"text-center\" style=\"margin-bottom: 1rem\">\n\t{{ doc.company }}<br>\n\t<b>{{ doc.select_print_heading or _(\"Invoice\") }}</b><br>\n</p>\n<p>\n\t<b>{{ _(\"Receipt No\") }}:</b> {{ doc.name }}<br>\n\t<b>{{ _(\"Cashier\") }}:</b> {{ doc.owner }}<br>\n\t<b>{{ _(\"Customer\") }}:</b> {{ doc.customer_name }}<br>\n\t<b>{{ _(\"Date\") }}:</b> {{ doc.get_formatted(\"posting_date\") }}<br>\n\t<b>{{ _(\"Time\") }}:</b> {{  doc.get_formatted(\"posting_time\") }}<br>\n</p>\n\n<hr>\n<table class=\"table table-condensed\">\n\t<thead>\n\t\t<tr>\n\t\t\t<th width=\"50%\">{{ _(\"Item\") }}</th>\n\t\t\t<th width=\"25%\" class=\"text-right\">{{ _(\"Qty\") }}</th>\n\t\t\t<th width=\"25%\" class=\"text-right\">{{ _(\"Amount\") }}</th>\n\t\t</tr>\n\t</thead>\n\t<tbody>\n\t\t{%- for item in doc.items -%}\n\t\t<tr>\n\t\t\t<td>\n\t\t\t\t{{ item.item_code }}\n\t\t\t\t{%- if item.item_name != item.item_code -%}\n\t\t\t\t\t<br>{{ item.item_name }}\n\t\t\t\t{%- endif -%}\n\t\t\t\t{%- if item.serial_no -%}\n\t\t\t\t\t<br><b>{{ _(\"SR.No\") }}:</b><br>\n\t\t\t\t\t{{ item.serial_no | replace(\"\\n\", \", \") }}\n\t\t\t\t{%- endif -%}\n\t\t\t</td>\n\t\t\t<td class=\"text-right\">{{ item.qty }}<br>@ {{ item.get_formatted(\"rate\") }}</td>\n\t\t\t<td class=\"text-right\">{{ item.get_formatted(\"amount\") }}</td>\n\t\t</tr>\n\t\t{%- endfor -%}\n\t</tbody>\n</table>\n<table class=\"table table-condensed no-border\">\n\t<tbody>\n\t\t<tr>\n\t\t\t{% if doc.flags.show_inclusive_tax_in_print %}\n\t\t\t\t<td class=\"text-right\" style=\"width: 70%\">\n\t\t\t\t\t{{ _(\"Total Excl. Tax\") }}\n\t\t\t\t</td>\n\t\t\t\t<td class=\"text-right\">\n\t\t\t\t\t{{ doc.get_formatted(\"net_total\", doc) }}\n\t\t\t\t</td>\n\t\t\t{% else %}\n\t\t\t\t<td class=\"text-right\" style=\"width: 70%\">\n\t\t\t\t\t{{ _(\"Total\") }}\n\t\t\t\t</td>\n\t\t\t\t<td class=\"text-right\">\n\t\t\t\t\t{{ doc.get_formatted(\"total\", doc) }}\n\t\t\t\t</td>\n\t\t\t{% endif %}\n\t\t</tr>\n\t\t{%- for row in doc.taxes -%}\n\t\t  {%- if not row.included_in_print_rate or doc.flags.show_inclusive_tax_in_print -%}\n\t\t\t<tr>\n\t\t\t\t<td class=\"text-right\" style=\"width: 70%\">\n\t\t\t\t    {% if '%' in row.description %}\n\t\t\t\t\t    {{ row.description }}\n\t\t\t\t\t{% else %}\n\t\t\t\t\t    {{ row.description }}@{{ row.rate }}%\n\t\t\t\t\t{% endif %}\n\t\t\t\t</td>\n\t\t\t\t<td class=\"text-right\">\n\t\t\t\t\t{{ row.get_formatted(\"tax_amount\", doc) }}\n\t\t\t\t</td>\n\t\t\t<tr>\n\t\t  {%- endif -%}\n\t\t{%- endfor -%}\n\n\t\t{%- if doc.discount_amount -%}\n\t\t<tr>\n\t\t\t<td class=\"text-right\" style=\"width: 75%\">\n\t\t\t\t{{ _(\"Discount\") }}\n\t\t\t</td>\n\t\t\t<td class=\"text-right\">\n\t\t\t\t{{ doc.get_formatted(\"discount_amount\") }}\n\t\t\t</td>\n\t\t</tr>\n\t\t{%- endif -%}\n\t\t<tr>\n\t\t\t<td class=\"text-right\" style=\"width: 75%\">\n\t\t\t\t<b>{{ _(\"Grand Total\") }}</b>\n\t\t\t</td>\n\t\t\t<td class=\"text-right\">\n\t\t\t\t{{ doc.get_formatted(\"grand_total\") }}\n\t\t\t</td>\n\t\t</tr>\n\t\t{%- if doc.rounded_total -%}\n\t\t<tr>\n\t\t\t<td class=\"text-right\" style=\"width: 75%\">\n\t\t\t\t<b>{{ _(\"Rounded Total\") }}</b>\n\t\t\t</td>\n\t\t\t<td class=\"text-right\">\n\t\t\t\t{{ doc.get_formatted(\"rounded_total\") }}\n\t\t\t</td>\n\t\t</tr>\n\t\t{%- endif -%}\n\t\t{%- for row in doc.payments -%}\n\t\t\t<tr>\n\t\t\t\t<td class=\"text-right\" style=\"width: 70%\">\n\t\t\t\t    {{ row.mode_of_payment }}\n\t\t\t\t</td>\n\t\t\t\t<td class=\"text-right\">\n\t\t\t\t\t{{ row.get_formatted(\"amount\", doc) }}\n\t\t\t\t</td>\n\t\t\t<tr>\n\t\t{%- endfor -%}\n\t\t<tr>\n\t\t\t<td class=\"text-right\" style=\"width: 75%\">\n\t\t\t\t<b>{{ _(\"Paid Amount\") }}</b>\n\t\t\t</td>\n\t\t\t<td class=\"text-right\">\n\t\t\t\t{{ doc.get_formatted(\"paid_amount\") }}\n\t\t\t</td>\n\t\t</tr>\n\t\t{%- if doc.change_amount -%}\n\t\t\t<tr>\n\t\t\t\t<td class=\"text-right\" style=\"width: 75%\">\n\t\t\t\t\t<b>{{ _(\"Change Amount\") }}</b>\n\t\t\t\t</td>\n\t\t\t\t<td class=\"text-right\">\n\t\t\t\t\t{{ doc.get_formatted(\"change_amount\") }}\n\t\t\t\t</td>\n\t\t\t</tr>\n\t\t{%- endif -%}\n\t</tbody>\n</table>\n<hr>\n<p>{{ doc.terms or \"\" }}</p>\n<p class=\"text-center\">{{ _(\"Thank you, please visit again.\") }}</p>",
  "line_breaks": 0,
  "margin_bottom": 0.0,
  "margin_left": 0.0,
  "margin_right": 0.0,
  "margin_top": 0.0,
  "modified": "2021-04-15 15:23:28.867135",
  "module": "Selling",
  "name": "POS Invoice",
  "page_number": null,
  "pdf_generator": null,
  "print_format_builder": 0,
  "print_format_builder_beta": 0,
  "print_format_type": "Jinja",
  "raw_commands": null,
  "raw_printing": 0,
  "show_section_headings": 0,
  "standard": "Yes"
 },
 {
  "absolute_value": 0,
  "align_labels_right": 0,
  "css": null,
  "custom_format": 1,
  "default_print_language": null,
  "disabled": 0,
  "doc_type": "Journal Entry",
  "docstatus": 0,
  "doctype": "Print Format",
  "font": null,
  "font_size": 0,
  "format_data": null,
  "html": "<div style=\"position: relative\">\n\n\t{%- from \"templates/print_formats/standard_macros.html\" import add_header -%}\n<div class=\"page-break\">\n    {%- if not doc.get(\"print_heading\") and not doc.get(\"select_print_heading\") \n        and doc.set(\"select_print_heading\", _(\"Payment Advice\")) -%}{%- endif -%}\n    {{ add_header(0, 1, doc, letter_head, no_letterhead) }}\n\n{%- for label, value in (\n        (_(\"Voucher Date\"), frappe.utils.formatdate(doc.voucher_date)),\n        (_(\"Reference / Cheque No.\"), doc.cheque_no),\n        (_(\"Reference / Cheque Date\"), frappe.utils.formatdate(doc.cheque_date))\n    ) -%}\n    <div class=\"row\">\n        <div class=\"col-xs-4\"><label class=\"text-right\">{{ label }}</label></div>\n        <div class=\"col-xs-8\">{{ value }}</div>\n    </div>\n{%- endfor -%}\n\t<hr>\n\t<p>{{ _(\"This amount is in full / part settlement of the listed bills\") }}:</p>\n{%- for label, value in (\n         (_(\"Amount\"), \"<strong>\" + doc.get_formatted(\"total_amount\") + \"</strong><br>\" + (doc.total_amount_in_words or \"\") + \"<br>\"),\n        (_(\"References\"), doc.remark)\n    ) -%}\n    <div class=\"row\">\n        <div class=\"col-xs-4\"><label class=\"text-right\">{{ label }}</label></div>\n        <div class=\"col-xs-8\">{{ value }}</div>\n    </div>\n    {%- endfor -%}\n    <hr>\n\t<div style=\"position: absolute; top: 14cm; left: 0cm;\">\n\t\tPrepared By</div>\n\t<div style=\"position: absolute; top: 14cm; left: 5.5cm;\">\n\t\tAuthorised Signatory</div>\n\t<div style=\"position: absolute; top: 14cm; left: 11cm;\">\n\t\tReceived Payment as Above</div>\n\t<div style=\"position: absolute; top: 16.4cm; left: 5.9cm;\">\n\t\t<strong>_____________</strong></div>\n\t<div style=\"position: absolute; top: 16.7cm; left: 6cm;\">\n\t\t<strong>A/C Payee</strong></div>\n\t<div style=\"position: absolute; top: 16.7cm; left: 5.9cm;\">\n\t\t<strong>_____________</strong></div>\n\t<div style=\"position: absolute; top: 16.9cm; left: 12cm;\">\n\t\t{{ frappe.utils.formatdate(doc.cheque_date) }}</div>\n\t<div style=\"position: absolute; top: 17.9cm; left: 1cm;\">\n\t\t{{ doc.pay_to_recd_from }}</div>\n\t<div style=\"position: absolute; top: 18.6cm; left: 1cm; width: 7cm;\">\n\t\t{{ doc.total_amount_in_words }}</div>\n\t<div style=\"position: absolute; top: 19.7cm; left: 12cm;\">\n\t\t{{ doc.get_formatted(\"total_amount\") }}</div>\n</div>",
  "line_breaks": 0,
  "margin_bottom": 0.0,
  "margin_left": 0.0,
  "margin_right": 0.0,
  "margin_top": 0.0,
  "modified": "2015-05-29 01:57:51.203850",
  "module": null,
  "name": "Cheque Printing Format",
  "page_number": null,
  "pdf_generator": null,
  "print_format_builder": 0,
  "print_format_builder_beta": 0,
  "print_format_type": "Jinja",
  "raw_commands": null,
  "raw_printing": 0,
  "show_section_headings": 0,
  "standard": "Yes"
 },
 {
  "absolute_value": 0,
  "align_labels_right": 0,
  "css": null,
  "custom_format": 0,
  "default_print_language": null,
  "disabled": 0,
  "doc_type": "Journal Entry",
  "docstatus": 0,
  "doctype": "Print Format",
  "font": null,
  "font_size": 0,
  "format_data": null,
  "html": "",
  "line_breaks": 0,
  "margin_bottom": 0.0,
  "margin_left": 0.0,
  "margin_right": 0.0,
  "margin_top": 0.0,
  "modified": "2015-11-25 07:06:00.668141",
  "module": null,
  "name": "Payment Receipt Voucher",
  "page_number": null,
  "pdf_generator": null,
  "print_format_builder": 0,
  "print_format_builder_beta": 0,
  "print_format_type": "Jinja",
  "raw_commands": null,
  "raw_printing": 0,
  "show_section_headings": 0,
  "standard": "Yes"
 },
 {
  "absolute_value": 0,
  "align_labels_right": 0,
  "css": null,
  "custom_format": 0,
  "default_print_language": null,
  "disabled": 0,
  "doc_type": "Journal Entry",
  "docstatus": 0,
  "doctype": "Print Format",
  "font": null,
  "font_size": 0,
  "format_data": "[{\"fieldname\": \"print_heading_template\", \"fieldtype\": \"Custom HTML\", \"options\": \"<div class=\\\"print-heading\\\">\\t\\t\\t\\t<h2>Journal Entry<br><small>{{ doc.name }}</small>\\t\\t\\t\\t</h2></div>\"}, {\"fieldtype\": \"Section Break\", \"label\": \"\"}, {\"fieldtype\": \"Column Break\"}, {\"fieldname\": \"voucher_type\", \"print_hide\": 0, \"label\": \"Entry Type\"}, {\"fieldtype\": \"Column Break\"}, {\"fieldname\": \"posting_date\", \"print_hide\": 0, \"label\": \"Posting Date\"}, {\"fieldname\": \"finance_book\", \"print_hide\": 0, \"label\": \"Finance Book\"}, {\"fieldtype\": \"Section Break\", \"label\": \"\"}, {\"fieldtype\": \"Column Break\"}, {\"fieldname\": \"accounts\", \"print_hide\": 0, \"label\": \"Accounting Entries\", \"visible_columns\": [{\"fieldname\": \"account\", \"print_width\": \"250px\", \"print_hide\": 0}, {\"fieldname\": \"bank_account_no\", \"print_width\": \"\", \"print_hide\": 0}, {\"fieldname\": \"party_type\", \"print_width\": \"\", \"print_hide\": 0}, {\"fieldname\": \"party\", \"print_width\": \"\", \"print_hide\": 0}, {\"fieldname\": \"debit_in_account_currency\", \"print_width\": \"\", \"print_hide\": 0}, {\"fieldname\": \"credit_in_account_currency\", \"print_width\": \"\", \"print_hide\": 0}, {\"fieldname\": \"reference_type\", \"print_width\": \"\", \"print_hide\": 0}, {\"fieldname\": \"reference_name\", \"print_width\": \"\", \"print_hide\": 0}, {\"fieldname\": \"reference_due_date\", \"print_width\": \"\", \"print_hide\": 0}, {\"fieldname\": \"project\", \"print_width\": \"\", \"print_hide\": 0}]}, {\"fieldtype\": \"Section Break\", \"label\": \"\"}, {\"fieldtype\": \"Column Break\"}, {\"fieldname\": \"cheque_no\", \"print_hide\": 0, \"label\": \"Reference Number\"}, {\"fieldname\": \"cheque_date\", \"print_hide\": 0, \"label\": \"Reference Date\"}, {\"fieldtype\": \"Column Break\"}, {\"fieldname\": \"get_balance\", \"print_hide\": 0, \"label\": \"Make Difference Entry\"}, {\"fieldname\": \"total_amount\", \"print_hide\": 0, \"label\": \"Total Amount\"}, {\"fieldtype\": \"Section Break\", \"label\": \"Reference\"}, {\"fieldtype\": \"Column Break\"}, {\"fieldname\": \"clearance_date\", \"print_hide\": 0, \"label\": \"Clearance Date\"}, {\"fieldname\": \"remark\", \"print_hide\": 0, \"label\": \"Remark\"}, {\"fieldname\": \"inter_company_journal_entry_reference\", \"print_hide\": 0, \"label\": \"Inter Company Journal Entry Reference\"}, {\"fieldtype\": \"Column Break\"}, {\"fieldname\": \"due_date\", \"print_hide\": 0, \"label\": \"Due Date\"}, {\"fieldtype\": \"Section Break\", \"label\": \"Printing Settings\"}, {\"fieldtype\": \"Column Break\"}, {\"fieldname\": \"pay_to_recd_from\", \"print_hide\": 0, \"label\": \"Pay To / Recd From\"}, {\"fieldtype\": \"Column Break\"}, {\"fieldname\": \"letter_head\", \"print_hide\": 0, \"label\": \"Letter Head\"}, {\"fieldtype\": \"Section Break\", \"label\": \"More Information\"}, {\"fieldtype\": \"Column Break\"}, {\"fieldname\": \"mode_of_payment\", \"print_hide\": 0, \"label\": \"Mode of Payment\"}, {\"fieldtype\": \"Column Break\"}, {\"fieldname\": \"stock_entry\", \"print_hide\": 0, \"label\": \"Stock Entry\"}]",
  "html": "{%- from \"templates/print_formats/standard_macros.html\" import add_header -%}\n\n<div class=\"page-break\">\n    {%- if not doc.get(\"print_heading\") and not doc.get(\"select_print_heading\") \n        and doc.set(\"select_print_heading\", _(\"Credit Note\")) -%}{%- endif -%}\n    {{ add_header(0, 1, doc, letter_head, no_letterhead) }}\n\n    {%- for label, value in (\n        (_(\"Credit To\"), doc.pay_to_recd_from),\n        (_(\"Date\"), frappe.utils.formatdate(doc.voucher_date)),\n        (_(\"Amount\"), \"<strong>\" + doc.get_formatted(\"total_amount\") + \"</strong><br>\" + (doc.total_amount_in_words or \"\") + \"<br>\"),\n        (_(\"Remarks\"), doc.remark)\n    ) -%}\n\n    <div class=\"row\">\n        <div class=\"col-xs-3\"><label class=\"text-right\">{{ label }}</label></div>\n        <div class=\"col-xs-9\">{{ value }}</div>\n    </div>\n\n    {%- endfor -%}\n\n    <hr>\n    <br>\n    <p class=\"strong\">\n        {{ _(\"For\") }} {{ doc.company }},<br>\n        <br>\n        <br>\n        <br>\n        {{ _(\"Authorized Signatory\") }}\n    </p>\n</div>\n\n\n",
  "line_breaks": 0,
  "margin_bottom": 0.0,
  "margin_left": 0.0,
  "margin_right": 0.0,
  "margin_top": 0.0,
  "modified": "2019-04-18 12:10:14.732269",
  "module": "Accounts",
  "name": "Credit Note",
  "page_number": null,
  "pdf_generator": null,
  "print_format_builder": 0,
  "print_format_builder_beta": 0,
  "print_format_type": "Jinja",
  "raw_commands": null,
  "raw_printing": 0,
  "show_section_headings": 0,
  "standard": "Yes"
 }
]